pgmid,vehicle_count,pepkspeed,timestamp,location,created_at
PMG06190,4,33.74,12:29:04.671,"32.8945,-96.57679",2025-10-27T08:40:21.215697Z
PMG06190,7,26.26,12:29:04.789,"32.8945,-96.57679",2025-10-27T08:40:22.088497Z
PMG06190,2,33.12,12:29:05.665,"32.8945,-96.57679",2025-10-27T08:40:22.845920Z
PMG00889,9,27.36,08:18:16.014,"32.8945,-96.57679",2025-10-27T08:40:23.586763Z
PMG00889,5,26.85,08:18:16.316,"32.8945,-96.57679",2025-10-27T08:40:24.303732Z
PMG00889,8,31.49,08:18:16.022,"32.8945,-96.57679",2025-10-27T08:40:25.048993Z
PMG00889,4,27.26,08:18:17.313,"32.8945,-96.57679",2025-10-27T08:40:25.774716Z
PMG01154,1,37.76,19:03:39.330,"32.8945,-96.57679",2025-10-27T08:40:26.514423Z
PMG01154,1,39.21,19:03:39.671,"32.8945,-96.57679",2025-10-27T08:40:27.240845Z
PMG01154,5,34.03,19:03:39.578,"32.8945,-96.57679",2025-10-27T08:40:27.983023Z
PMG09499,2,31.19,08:30:39.970,"32.8945,-96.57679",2025-10-27T08:40:38.131769Z
PMG09499,5,26.78,08:30:40.404,"32.8945,-96.57679",2025-10-27T08:40:38.862543Z
PMG09499,2,30.53,08:30:40.350,"32.8945,-96.57679",2025-10-27T08:40:39.581324Z
PMG09499,8,25.96,08:30:41.068,"32.8945,-96.57679",2025-10-27T08:40:40.313386Z
PMG09499,4,32.89,08:30:40.006,"32.8945,-96.57679",2025-10-27T08:40:41.020115Z
PMG08373,4,25.51,17:08:28.674,"32.8945,-96.57679",2025-10-27T08:40:41.729912Z
PMG08373,8,22.14,17:08:28.830,"32.8945,-96.57679",2025-10-27T08:40:42.444364Z
PMG08373,5,30.64,17:08:29.640,"32.8945,-96.57679",2025-10-27T08:40:43.160066Z
PMG07083,4,34.39,10:16:15.036,"32.8945,-96.57679",2025-10-27T08:40:43.865522Z
PMG07083,3,46.73,10:16:15.038,"32.8945,-96.57679",2025-10-27T08:40:44.555860Z
PMG07083,4,48.89,10:16:15.298,"32.8945,-96.57679",2025-10-27T08:40:45.315733Z
PMG07083,4,54.25,10:16:15.279,"32.8945,-96.57679",2025-10-27T08:40:46.029873Z
PMG09328,3,39.94,20:59:01.425,"32.8945,-96.57679",2025-10-27T08:40:46.729915Z
PMG09328,3,37.79,20:59:01.682,"32.8945,-96.57679",2025-10-27T08:40:47.446568Z
PMG00167,4,25.25,07:35:51.580,"32.8945,-96.57679",2025-10-27T08:40:48.173005Z
PMG00167,6,29.06,07:35:51.698,"32.8945,-96.57679",2025-10-27T08:40:48.911320Z
PMG00207,1,47.56,02:43:30.840,"32.8945,-96.57679",2025-10-27T08:40:49.613293Z
PMG00207,1,59.21,02:43:31.047,"32.8945,-96.57679",2025-10-27T08:40:50.327557Z
PMG00207,1,44.27,02:43:31.130,"32.8945,-96.57679",2025-10-27T08:40:51.038282Z
PMG07305,5,39.19,08:07:27.716,"32.8945,-96.57679",2025-10-27T08:40:51.748064Z
PMG07305,4,34.35,08:07:27.862,"32.8945,-96.57679",2025-10-27T08:40:52.459013Z
PMG07305,2,30.44,08:07:28.206,"32.8945,-96.57679",2025-10-27T08:40:53.203339Z
PMG07305,6,28.87,08:07:28.001,"32.8945,-96.57679",2025-10-27T08:40:53.898124Z
PMG07361,6,34.54,19:04:07.336,"32.8945,-96.57679",2025-10-27T08:40:54.612766Z
PMG07361,3,37.99,19:04:07.826,"32.8945,-96.57679",2025-10-27T08:40:55.323998Z
PMG07361,3,35.42,19:04:07.358,"32.8945,-96.57679",2025-10-27T08:40:56.035285Z
PMG07361,4,38.07,19:04:08.326,"32.8945,-96.57679",2025-10-27T08:40:56.742073Z
PMG07292,4,33.38,16:44:14.514,"32.8945,-96.57679",2025-10-27T08:40:57.443087Z
PMG07292,2,33.13,16:44:14.769,"32.8945,-96.57679",2025-10-27T08:40:58.189100Z
PMG09748,8,26.93,07:43:33.271,"32.8945,-96.57679",2025-10-27T08:40:58.909808Z
PMG09748,6,33.07,07:43:33.674,"32.8945,-96.57679",2025-10-27T08:40:59.646609Z
PMG03301,3,36.25,10:07:27.609,"32.8945,-96.57679",2025-10-27T08:41:00.372628Z
PMG03301,3,43.13,10:07:27.922,"32.8945,-96.57679",2025-10-27T08:41:01.120620Z
PMG03301,3,38.76,10:07:28.265,"32.8945,-96.57679",2025-10-27T08:41:01.862749Z
PMG03301,5,41.71,10:07:29.103,"32.8945,-96.57679",2025-10-27T08:41:02.593790Z
PMG09611,2,25.11,07:40:47.002,"32.8945,-96.57679",2025-10-27T08:41:03.327657Z
PMG09611,5,29.5,07:40:47.403,"32.8945,-96.57679",2025-10-27T08:41:04.043890Z
PMG09611,10,25.1,07:40:47.618,"32.8945,-96.57679",2025-10-27T08:41:04.755576Z
PMG09611,2,25.08,07:40:47.515,"32.8945,-96.57679",2025-10-27T08:41:05.469352Z
PMG09611,5,29.71,07:40:48.706,"32.8945,-96.57679",2025-10-27T08:41:06.177274Z
PMG01503,3,37.94,21:18:48.525,"32.8945,-96.57679",2025-10-27T08:41:06.905417Z
PMG01503,1,42.59,21:18:48.903,"32.8945,-96.57679",2025-10-27T08:41:07.614839Z
PMG07919,5,32.44,08:54:48.135,"32.8945,-96.57679",2025-10-27T08:41:08.356416Z
PMG07919,3,28.41,08:54:48.289,"32.8945,-96.57679",2025-10-27T08:41:09.095748Z
PMG07919,4,36.37,08:54:49.073,"32.8945,-96.57679",2025-10-27T08:41:09.813328Z
PMG09136,1,41.98,20:02:45.996,"32.8945,-96.57679",2025-10-27T08:41:10.554567Z
PMG09136,4,36.15,20:02:46.019,"32.8945,-96.57679",2025-10-27T08:41:11.276359Z
PMG09136,3,40.57,20:02:46.600,"32.8945,-96.57679",2025-10-27T08:41:11.991635Z
PMG00420,3,43.05,10:03:59.756,"32.8945,-96.57679",2025-10-27T08:41:12.696733Z
PMG00420,1,37.3,10:04:00.042,"32.8945,-96.57679",2025-10-27T08:41:13.404066Z
PMG00420,4,34.59,10:03:59.782,"32.8945,-96.57679",2025-10-27T08:41:14.114929Z
PMG00420,3,30.45,10:04:00.107,"32.8945,-96.57679",2025-10-27T08:41:14.811532Z
PMG00420,4,37.52,10:04:00.320,"32.8945,-96.57679",2025-10-27T08:41:15.561454Z
PMG09009,1,32.79,20:45:54.885,"32.8945,-96.57679",2025-10-27T08:41:16.296729Z
PMG09009,2,44.46,20:45:54.980,"32.8945,-96.57679",2025-10-27T08:41:17.040806Z
PMG09009,2,54.72,20:45:55.787,"32.8945,-96.57679",2025-10-27T08:41:17.746487Z
PMG09009,2,38.97,20:45:55.350,"32.8945,-96.57679",2025-10-27T08:41:18.447727Z
PMG00676,9,24.53,12:41:25.543,"32.8945,-96.57679",2025-10-27T08:41:19.178523Z
PMG00676,10,28.93,12:41:25.543,"32.8945,-96.57679",2025-10-27T08:41:19.914936Z
PMG00501,2,49.69,20:17:03.723,"32.8945,-96.57679",2025-10-27T08:41:20.621646Z
PMG00501,4,30.77,20:17:03.833,"32.8945,-96.57679",2025-10-27T08:41:21.348672Z
PMG00501,6,34.0,20:17:04.167,"32.8945,-96.57679",2025-10-27T08:41:22.068971Z
PMG03638,3,37.46,10:50:32.184,"32.8945,-96.57679",2025-10-27T08:41:22.781098Z
PMG03638,3,34.49,10:50:32.235,"32.8945,-96.57679",2025-10-27T08:41:23.491778Z
PMG02909,7,29.72,07:46:14.407,"32.8945,-96.57679",2025-10-27T08:41:24.210068Z
PMG02909,2,28.87,07:46:14.652,"32.8945,-96.57679",2025-10-27T08:41:24.931597Z
PMG02909,9,24.66,07:46:15.383,"32.8945,-96.57679",2025-10-27T08:41:25.626075Z
PMG02909,5,22.1,07:46:14.536,"32.8945,-96.57679",2025-10-27T08:41:26.332846Z
PMG02909,8,25.21,07:46:14.707,"32.8945,-96.57679",2025-10-27T08:41:27.056080Z
PMG07081,5,26.96,16:15:53.665,"32.8945,-96.57679",2025-10-27T08:41:27.768530Z
PMG07081,5,23.01,16:15:53.757,"32.8945,-96.57679",2025-10-27T08:41:28.519226Z
PMG07081,6,23.91,16:15:54.461,"32.8945,-96.57679",2025-10-27T08:41:29.228253Z
PMG07081,6,29.31,16:15:55.099,"32.8945,-96.57679",2025-10-27T08:41:29.928829Z
PMG02161,3,30.39,12:12:34.360,"32.8945,-96.57679",2025-10-27T08:41:30.632456Z
PMG02161,7,29.88,12:12:34.802,"32.8945,-96.57679",2025-10-27T08:41:31.363663Z
PMG07614,1,31.6,21:58:36.450,"32.8945,-96.57679",2025-10-27T08:41:32.077519Z
PMG07614,2,40.58,21:58:36.791,"32.8945,-96.57679",2025-10-27T08:41:32.814816Z
PMG09588,2,33.82,11:04:51.349,"32.8945,-96.57679",2025-10-27T08:41:33.555917Z
PMG09588,2,24.55,11:04:51.847,"32.8945,-96.57679",2025-10-27T08:41:34.280131Z
PMG09588,2,29.19,11:04:51.757,"32.8945,-96.57679",2025-10-27T08:41:34.993588Z
PMG03233,3,31.92,17:16:34.984,"32.8945,-96.57679",2025-10-27T08:41:35.733635Z
PMG03233,5,34.16,17:16:35.167,"32.8945,-96.57679",2025-10-27T08:41:36.439481Z
PMG03233,4,24.3,17:16:35.358,"32.8945,-96.57679",2025-10-27T08:41:37.179145Z
PMG03233,2,23.45,17:16:35.254,"32.8945,-96.57679",2025-10-27T08:41:37.888399Z
PMG00039,1,37.31,18:12:25.157,"32.8945,-96.57679",2025-10-27T08:41:38.612693Z
PMG00039,3,32.76,18:12:25.161,"32.8945,-96.57679",2025-10-27T08:41:39.315153Z
PMG03210,5,25.39,11:38:10.617,"32.8945,-96.57679",2025-10-27T08:41:40.016281Z
PMG03210,6,21.06,11:38:10.957,"32.8945,-96.57679",2025-10-27T08:41:40.722558Z
PMG07468,3,37.64,18:44:05.169,"32.8945,-96.57679",2025-10-27T08:41:41.438895Z
PMG07468,4,40.95,18:44:05.472,"32.8945,-96.57679",2025-10-27T08:41:42.144858Z
PMG07468,2,33.88,18:44:05.205,"32.8945,-96.57679",2025-10-27T08:41:42.845706Z
PMG07468,4,33.99,18:44:06.030,"32.8945,-96.57679",2025-10-27T08:41:43.574098Z
PMG04781,3,22.08,11:11:16.620,"32.8945,-96.57679",2025-10-27T08:41:44.281392Z
PMG04781,4,26.77,11:11:16.886,"32.8945,-96.57679",2025-10-27T08:41:44.993104Z
PMG04781,10,23.2,11:11:16.894,"32.8945,-96.57679",2025-10-27T08:41:45.697490Z
PMG04781,4,30.53,11:11:16.878,"32.8945,-96.57679",2025-10-27T08:41:46.429206Z
PMG06837,5,27.97,12:39:32.038,"32.8945,-96.57679",2025-10-27T08:41:47.133028Z
PMG06837,6,30.5,12:39:32.091,"32.8945,-96.57679",2025-10-27T08:41:47.834791Z
PMG06837,7,30.62,12:39:32.582,"32.8945,-96.57679",2025-10-27T08:41:48.532426Z
PMG06837,2,32.8,12:39:33.388,"32.8945,-96.57679",2025-10-27T08:41:49.248215Z
PMG04948,1,46.21,15:00:09.683,"32.8945,-96.57679",2025-10-27T08:41:49.953478Z
PMG04948,3,45.37,15:00:10.145,"32.8945,-96.57679",2025-10-27T08:41:50.666355Z
PMG04948,2,46.14,15:00:10.389,"32.8945,-96.57679",2025-10-27T08:41:51.370119Z
PMG04948,4,40.2,15:00:10.283,"32.8945,-96.57679",2025-10-27T08:41:52.072108Z
PMG04948,1,33.43,15:00:09.955,"32.8945,-96.57679",2025-10-27T08:41:52.785564Z
PMG05550,5,26.51,08:32:48.966,"32.8945,-96.57679",2025-10-27T08:41:53.489610Z
PMG05550,6,25.57,08:32:49.015,"32.8945,-96.57679",2025-10-27T08:41:54.196992Z
PMG07388,6,33.28,07:23:08.224,"32.8945,-96.57679",2025-10-27T08:41:54.907737Z
PMG07388,9,26.18,07:23:08.350,"32.8945,-96.57679",2025-10-27T08:41:55.644253Z
PMG07388,6,26.76,07:23:08.602,"32.8945,-96.57679",2025-10-27T08:41:56.372772Z
PMG07388,3,23.79,07:23:08.485,"32.8945,-96.57679",2025-10-27T08:41:57.083094Z
PMG07388,5,25.76,07:23:09.260,"32.8945,-96.57679",2025-10-27T08:41:57.776963Z
PMG02839,6,29.87,11:09:03.220,"32.8945,-96.57679",2025-10-27T08:41:58.481683Z
PMG02839,3,29.43,11:09:03.310,"32.8945,-96.57679",2025-10-27T08:41:59.205228Z
PMG02839,3,30.53,11:09:03.640,"32.8945,-96.57679",2025-10-27T08:41:59.907228Z
PMG02839,3,29.79,11:09:03.940,"32.8945,-96.57679",2025-10-27T08:42:00.640742Z
PMG07922,2,24.39,12:18:47.264,"32.8945,-96.57679",2025-10-27T08:42:01.370323Z
PMG07922,5,24.59,12:18:47.579,"32.8945,-96.57679",2025-10-27T08:42:02.095350Z
PMG07922,5,25.35,12:18:47.906,"32.8945,-96.57679",2025-10-27T08:42:02.813698Z
PMG01738,7,31.34,07:42:51.711,"32.8945,-96.57679",2025-10-27T08:42:03.524474Z
PMG01738,10,35.23,07:42:52.049,"32.8945,-96.57679",2025-10-27T08:42:04.224172Z
PMG01738,3,33.32,07:42:52.451,"32.8945,-96.57679",2025-10-27T08:42:04.946989Z
PMG05743,7,37.2,11:24:33.541,"32.8945,-96.57679",2025-10-27T08:42:05.662162Z
PMG05743,2,28.68,11:24:33.908,"32.8945,-96.57679",2025-10-27T08:42:06.395041Z
PMG06660,2,22.28,08:24:34.738,"32.8945,-96.57679",2025-10-27T08:42:07.095964Z
PMG06660,9,22.8,08:24:35.169,"32.8945,-96.57679",2025-10-27T08:42:07.795981Z
PMG06660,6,31.87,08:24:34.824,"32.8945,-96.57679",2025-10-27T08:42:08.502769Z
PMG08833,4,35.78,15:36:57.466,"32.8945,-96.57679",2025-10-27T08:42:09.239554Z
PMG08833,3,42.9,15:36:57.685,"32.8945,-96.57679",2025-10-27T08:42:09.983243Z
PMG08833,1,33.14,15:36:58.288,"32.8945,-96.57679",2025-10-27T08:42:10.697052Z
PMG04280,4,27.82,07:38:45.214,"32.8945,-96.57679",2025-10-27T08:42:11.406152Z
PMG04280,4,18.96,07:38:45.547,"32.8945,-96.57679",2025-10-27T08:42:12.107778Z
PMG05265,9,23.48,12:09:57.903,"32.8945,-96.57679",2025-10-27T08:42:12.833286Z
PMG05265,5,27.23,12:09:58.303,"32.8945,-96.57679",2025-10-27T08:42:13.563156Z
PMG05265,6,33.65,12:09:58.379,"32.8945,-96.57679",2025-10-27T08:42:14.273705Z
PMG05265,3,24.12,12:09:59.013,"32.8945,-96.57679",2025-10-27T08:42:14.993315Z
PMG09358,2,45.81,19:06:21.458,"32.8945,-96.57679",2025-10-27T08:42:15.713654Z
PMG09358,2,35.68,19:06:21.920,"32.8945,-96.57679",2025-10-27T08:42:16.424462Z
PMG09358,3,31.37,19:06:22.024,"32.8945,-96.57679",2025-10-27T08:42:17.131420Z
PMG00121,5,36.73,10:26:46.070,"32.8945,-96.57679",2025-10-27T08:42:17.859791Z
PMG00121,3,47.43,10:26:46.275,"32.8945,-96.57679",2025-10-27T08:42:18.563751Z
PMG03981,5,28.02,07:04:59.566,"32.8945,-96.57679",2025-10-27T08:42:19.262737Z
PMG03981,5,27.6,07:04:59.574,"32.8945,-96.57679",2025-10-27T08:42:19.972230Z
PMG03981,9,33.6,07:04:59.874,"32.8945,-96.57679",2025-10-27T08:42:20.681602Z
PMG03981,8,31.09,07:04:59.905,"32.8945,-96.57679",2025-10-27T08:42:21.389723Z
PMG03981,5,30.4,07:05:00.226,"32.8945,-96.57679",2025-10-27T08:42:22.095928Z
PMG04410,2,31.76,08:32:32.355,"32.8945,-96.57679",2025-10-27T08:42:22.806635Z
PMG04410,7,29.65,08:32:32.575,"32.8945,-96.57679",2025-10-27T08:42:23.528051Z
PMG04410,6,32.78,08:32:32.441,"32.8945,-96.57679",2025-10-27T08:42:24.244219Z
PMG04410,7,24.62,08:32:33.192,"32.8945,-96.57679",2025-10-27T08:42:24.945587Z
PMG04410,9,32.19,08:32:32.543,"32.8945,-96.57679",2025-10-27T08:42:25.682001Z
PMG05397,7,29.06,17:10:50.776,"32.8945,-96.57679",2025-10-27T08:42:26.382004Z
PMG05397,2,26.99,17:10:50.831,"32.8945,-96.57679",2025-10-27T08:42:27.086169Z
PMG05397,8,24.57,17:10:51.474,"32.8945,-96.57679",2025-10-27T08:42:27.779095Z
PMG05397,9,30.86,17:10:51.628,"32.8945,-96.57679",2025-10-27T08:42:28.485672Z
PMG05397,8,27.08,17:10:51.528,"32.8945,-96.57679",2025-10-27T08:42:29.191272Z
PMG01678,7,28.48,17:19:03.029,"32.8945,-96.57679",2025-10-27T08:42:29.892145Z
PMG01678,9,24.61,17:19:03.385,"32.8945,-96.57679",2025-10-27T08:42:30.601699Z
PMG01678,6,30.44,17:19:03.959,"32.8945,-96.57679",2025-10-27T08:42:31.298161Z
PMG01678,5,24.99,17:19:03.470,"32.8945,-96.57679",2025-10-27T08:42:32.007807Z
PMG01678,2,24.7,17:19:03.853,"32.8945,-96.57679",2025-10-27T08:42:32.742449Z
PMG09694,3,32.81,22:25:31.146,"32.8945,-96.57679",2025-10-27T08:42:33.479472Z
PMG09694,2,48.16,22:25:31.446,"32.8945,-96.57679",2025-10-27T08:42:34.218963Z
PMG09694,6,35.44,22:25:31.326,"32.8945,-96.57679",2025-10-27T08:42:34.956154Z
PMG09976,3,27.92,12:48:58.015,"32.8945,-96.57679",2025-10-27T08:42:35.680679Z
PMG09976,5,28.53,12:48:58.255,"32.8945,-96.57679",2025-10-27T08:42:36.389082Z
PMG09976,10,26.4,12:48:58.375,"32.8945,-96.57679",2025-10-27T08:42:37.087893Z
PMG09976,7,23.65,12:48:58.153,"32.8945,-96.57679",2025-10-27T08:42:37.856300Z
PMG09976,4,23.96,12:48:59.923,"32.8945,-96.57679",2025-10-27T08:42:38.590590Z
PMG06237,4,40.69,15:37:57.530,"32.8945,-96.57679",2025-10-27T08:42:39.321174Z
PMG06237,4,39.19,15:37:57.622,"32.8945,-96.57679",2025-10-27T08:42:40.043102Z
PMG06237,2,40.26,15:37:58.302,"32.8945,-96.57679",2025-10-27T08:42:40.747242Z
PMG06237,4,45.15,15:37:58.664,"32.8945,-96.57679",2025-10-27T08:42:41.460086Z
PMG02782,5,37.73,10:10:09.282,"32.8945,-96.57679",2025-10-27T08:42:42.160689Z
PMG02782,5,34.2,10:10:09.503,"32.8945,-96.57679",2025-10-27T08:42:42.870471Z
PMG02782,1,32.99,10:10:09.402,"32.8945,-96.57679",2025-10-27T08:42:43.609649Z
PMG02782,1,40.33,10:10:10.635,"32.8945,-96.57679",2025-10-27T08:42:44.311947Z
PMG07234,7,32.86,16:38:05.016,"32.8945,-96.57679",2025-10-27T08:42:45.016714Z
PMG07234,2,24.57,16:38:05.428,"32.8945,-96.57679",2025-10-27T08:42:45.713929Z
PMG07303,6,29.1,16:41:38.587,"32.8945,-96.57679",2025-10-27T08:42:46.416981Z
PMG07303,9,25.0,16:41:38.965,"32.8945,-96.57679",2025-10-27T08:42:47.129543Z
PMG07303,7,30.0,16:41:38.633,"32.8945,-96.57679",2025-10-27T08:42:47.842503Z
PMG08849,3,43.41,06:00:40.735,"32.8945,-96.57679",2025-10-27T08:42:48.573272Z
PMG08849,6,35.63,06:00:41.042,"32.8945,-96.57679",2025-10-27T08:42:49.310750Z
PMG08849,1,44.69,06:00:40.739,"32.8945,-96.57679",2025-10-27T08:42:50.015477Z
PMG04545,3,26.15,16:50:12.969,"32.8945,-96.57679",2025-10-27T08:42:50.731075Z
PMG04545,4,28.65,16:50:13.020,"32.8945,-96.57679",2025-10-27T08:42:51.464004Z
PMG06314,8,28.83,16:28:43.056,"32.8945,-96.57679",2025-10-27T08:42:52.165012Z
PMG06314,6,27.44,16:28:43.108,"32.8945,-96.57679",2025-10-27T08:42:52.906681Z
PMG06314,7,19.63,16:28:43.444,"32.8945,-96.57679",2025-10-27T08:42:53.611261Z
PMG08443,2,26.9,07:02:01.354,"32.8945,-96.57679",2025-10-27T08:42:54.339974Z
PMG08443,5,30.9,07:02:01.806,"32.8945,-96.57679",2025-10-27T08:42:55.074924Z
PMG08443,6,20.91,07:02:01.930,"32.8945,-96.57679",2025-10-27T08:42:55.806899Z
PMG03326,6,30.19,07:54:53.574,"32.8945,-96.57679",2025-10-27T08:42:56.510948Z
PMG03326,2,27.03,07:54:53.838,"32.8945,-96.57679",2025-10-27T08:42:57.226118Z
PMG03326,5,22.15,07:54:53.804,"32.8945,-96.57679",2025-10-27T08:42:57.931698Z
PMG03326,6,29.48,07:54:54.990,"32.8945,-96.57679",2025-10-27T08:42:58.662922Z
PMG03326,2,32.58,07:54:55.218,"32.8945,-96.57679",2025-10-27T08:42:59.367077Z
PMG01050,7,29.67,07:07:10.522,"32.8945,-96.57679",2025-10-27T08:43:00.078647Z
PMG01050,8,25.32,07:07:10.874,"32.8945,-96.57679",2025-10-27T08:43:00.779897Z
PMG01050,2,29.58,07:07:11.114,"32.8945,-96.57679",2025-10-27T08:43:01.512490Z
PMG01050,7,30.36,07:07:11.635,"32.8945,-96.57679",2025-10-27T08:43:02.215483Z
PMG04538,7,36.47,07:20:43.422,"32.8945,-96.57679",2025-10-27T08:43:02.928853Z
PMG04538,3,28.94,07:20:43.474,"32.8945,-96.57679",2025-10-27T08:43:03.647366Z
PMG04538,7,26.27,07:20:44.318,"32.8945,-96.57679",2025-10-27T08:43:04.347384Z
PMG05550,3,38.72,15:19:24.756,"32.8945,-96.57679",2025-10-27T08:43:05.048434Z
PMG05550,4,45.58,15:19:24.969,"32.8945,-96.57679",2025-10-27T08:43:05.806786Z
PMG02368,2,25.75,07:19:10.566,"32.8945,-96.57679",2025-10-27T08:43:06.509121Z
PMG02368,4,23.63,07:19:10.786,"32.8945,-96.57679",2025-10-27T08:43:07.230737Z
PMG02368,2,32.64,07:19:11.540,"32.8945,-96.57679",2025-10-27T08:43:07.967167Z
PMG08955,3,43.97,15:36:38.273,"32.8945,-96.57679",2025-10-27T08:43:08.676654Z
PMG08955,3,49.27,15:36:38.538,"32.8945,-96.57679",2025-10-27T08:43:09.382127Z
PMG08955,6,38.11,15:36:38.597,"32.8945,-96.57679",2025-10-27T08:43:10.080737Z
PMG08955,1,42.85,15:36:38.705,"32.8945,-96.57679",2025-10-27T08:43:10.817218Z
PMG07816,7,32.52,07:44:05.013,"32.8945,-96.57679",2025-10-27T08:43:11.515613Z
PMG07816,6,35.87,07:44:05.015,"32.8945,-96.57679",2025-10-27T08:43:12.214091Z
PMG07816,7,34.79,07:44:05.047,"32.8945,-96.57679",2025-10-27T08:43:12.913058Z
PMG07816,6,30.5,07:44:05.688,"32.8945,-96.57679",2025-10-27T08:43:13.647459Z
PMG07816,5,27.84,07:44:06.357,"32.8945,-96.57679",2025-10-27T08:43:14.346940Z
PMG07437,5,43.19,09:58:50.760,"32.8945,-96.57679",2025-10-27T08:43:15.059263Z
PMG07437,3,38.71,09:58:51.212,"32.8945,-96.57679",2025-10-27T08:43:15.757054Z
PMG07437,5,46.6,09:58:51.048,"32.8945,-96.57679",2025-10-27T08:43:16.465145Z
PMG07437,5,39.71,09:58:51.714,"32.8945,-96.57679",2025-10-27T08:43:17.170779Z
PMG07437,2,41.98,09:58:52.300,"32.8945,-96.57679",2025-10-27T08:43:17.878847Z
PMG08076,2,41.93,14:38:05.838,"32.8945,-96.57679",2025-10-27T08:43:18.606796Z
PMG08076,3,30.88,14:38:06.235,"32.8945,-96.57679",2025-10-27T08:43:19.309608Z
PMG08076,6,48.88,14:38:06.292,"32.8945,-96.57679",2025-10-27T08:43:20.017311Z
PMG08076,1,48.39,14:38:06.960,"32.8945,-96.57679",2025-10-27T08:43:20.714136Z
PMG08076,5,34.16,14:38:07.798,"32.8945,-96.57679",2025-10-27T08:43:21.415144Z
PMG04729,9,29.22,17:30:07.106,"32.8945,-96.57679",2025-10-27T08:43:22.143331Z
PMG04729,2,30.07,17:30:07.133,"32.8945,-96.57679",2025-10-27T08:43:22.846478Z
PMG05906,8,31.0,17:07:10.228,"32.8945,-96.57679",2025-10-27T08:43:23.556461Z
PMG05906,2,26.26,17:07:10.407,"32.8945,-96.57679",2025-10-27T08:43:24.281014Z
PMG05906,2,23.42,17:07:10.768,"32.8945,-96.57679",2025-10-27T08:43:24.997576Z
PMG05906,8,29.53,17:07:10.501,"32.8945,-96.57679",2025-10-27T08:43:25.707814Z
PMG04366,2,28.44,08:42:22.333,"32.8945,-96.57679",2025-10-27T08:43:26.447583Z
PMG04366,9,23.53,08:42:22.681,"32.8945,-96.57679",2025-10-27T08:43:27.172110Z
PMG04366,6,27.07,08:42:22.443,"32.8945,-96.57679",2025-10-27T08:43:27.883058Z
PMG04366,2,26.39,08:42:22.375,"32.8945,-96.57679",2025-10-27T08:43:28.593439Z
PMG07117,5,33.61,10:29:17.779,"32.8945,-96.57679",2025-10-27T08:43:29.297542Z
PMG07117,1,40.44,10:29:17.882,"32.8945,-96.57679",2025-10-27T08:43:29.996520Z
PMG06751,6,35.6,09:48:27.324,"32.8945,-96.57679",2025-10-27T08:43:30.723981Z
PMG06751,1,39.53,09:48:27.496,"32.8945,-96.57679",2025-10-27T08:43:31.429770Z
PMG06751,3,29.28,09:48:27.354,"32.8945,-96.57679",2025-10-27T08:43:32.160912Z
PMG06751,2,41.9,09:48:27.462,"32.8945,-96.57679",2025-10-27T08:43:32.893146Z
PMG06751,2,26.7,09:48:28.332,"32.8945,-96.57679",2025-10-27T08:43:33.607765Z
PMG05451,4,27.14,07:10:52.269,"32.8945,-96.57679",2025-10-27T08:43:34.339470Z
PMG05451,5,26.75,07:10:52.419,"32.8945,-96.57679",2025-10-27T08:43:35.079028Z
PMG05451,2,38.19,07:10:52.317,"32.8945,-96.57679",2025-10-27T08:43:35.794653Z
PMG05451,2,19.89,07:10:52.737,"32.8945,-96.57679",2025-10-27T08:43:36.502393Z
PMG05451,2,29.26,07:10:52.685,"32.8945,-96.57679",2025-10-27T08:43:37.212108Z
PMG01903,1,37.92,15:17:58.767,"32.8945,-96.57679",2025-10-27T08:43:37.947630Z
PMG01903,1,37.13,15:17:58.961,"32.8945,-96.57679",2025-10-27T08:43:38.647444Z
PMG01903,5,37.26,15:17:59.519,"32.8945,-96.57679",2025-10-27T08:43:39.360935Z
PMG07148,4,26.84,17:33:40.631,"32.8945,-96.57679",2025-10-27T08:43:40.062417Z
PMG07148,5,35.89,17:33:41.088,"32.8945,-96.57679",2025-10-27T08:43:40.769513Z
PMG07148,2,29.59,17:33:40.753,"32.8945,-96.57679",2025-10-27T08:43:41.473710Z
PMG07148,9,25.02,17:33:41.216,"32.8945,-96.57679",2025-10-27T08:43:42.177175Z
PMG07148,3,28.46,17:33:42.259,"32.8945,-96.57679",2025-10-27T08:43:42.888752Z
PMG08410,2,51.66,13:38:15.000,"32.8945,-96.57679",2025-10-27T08:43:43.629023Z
PMG08410,1,37.37,13:38:15.032,"32.8945,-96.57679",2025-10-27T08:43:44.350915Z
PMG08410,2,36.97,13:38:15.960,"32.8945,-96.57679",2025-10-27T08:43:45.076736Z
PMG05744,2,40.14,21:29:34.399,"32.8945,-96.57679",2025-10-27T08:43:45.780989Z
PMG05744,3,40.86,21:29:34.883,"32.8945,-96.57679",2025-10-27T08:43:46.492514Z
PMG05744,1,32.57,21:29:34.519,"32.8945,-96.57679",2025-10-27T08:43:47.215671Z
PMG05744,1,38.79,21:29:34.522,"32.8945,-96.57679",2025-10-27T08:43:47.920024Z
PMG05744,2,39.18,21:29:35.499,"32.8945,-96.57679",2025-10-27T08:43:48.642880Z
PMG06273,8,39.43,07:20:54.129,"32.8945,-96.57679",2025-10-27T08:43:49.375259Z
PMG06273,8,23.02,07:20:54.418,"32.8945,-96.57679",2025-10-27T08:43:50.082003Z
PMG06273,4,25.89,07:20:55.111,"32.8945,-96.57679",2025-10-27T08:43:50.782387Z
PMG06273,4,28.14,07:20:55.149,"32.8945,-96.57679",2025-10-27T08:43:51.508021Z
PMG07073,2,33.04,19:24:41.636,"32.8945,-96.57679",2025-10-27T08:43:52.237315Z
PMG07073,1,37.57,19:24:41.961,"32.8945,-96.57679",2025-10-27T08:43:52.986665Z
PMG07073,3,30.64,19:24:41.824,"32.8945,-96.57679",2025-10-27T08:43:53.689995Z
PMG08825,4,34.32,08:07:33.775,"32.8945,-96.57679",2025-10-27T08:43:54.403926Z
PMG08825,6,24.79,08:07:34.267,"32.8945,-96.57679",2025-10-27T08:43:55.124242Z
PMG08825,8,39.76,08:07:34.307,"32.8945,-96.57679",2025-10-27T08:43:55.819680Z
PMG08825,2,31.2,08:07:33.904,"32.8945,-96.57679",2025-10-27T08:43:56.549214Z
PMG08825,6,27.11,08:07:33.927,"32.8945,-96.57679",2025-10-27T08:43:57.274766Z
PMG00467,1,34.44,15:06:04.195,"32.8945,-96.57679",2025-10-27T08:43:57.981081Z
PMG00467,3,42.64,15:06:04.235,"32.8945,-96.57679",2025-10-27T08:43:58.691574Z
PMG00467,5,44.61,15:06:05.035,"32.8945,-96.57679",2025-10-27T08:43:59.421698Z
PMG00467,5,37.4,15:06:05.437,"32.8945,-96.57679",2025-10-27T08:44:00.137290Z
PMG00467,4,40.49,15:06:05.083,"32.8945,-96.57679",2025-10-27T08:44:00.880364Z
PMG07798,8,28.3,11:56:11.607,"32.8945,-96.57679",2025-10-27T08:44:01.590423Z
PMG07798,8,35.73,11:56:11.870,"32.8945,-96.57679",2025-10-27T08:44:02.317742Z
PMG07798,8,22.58,11:56:11.885,"32.8945,-96.57679",2025-10-27T08:44:03.042465Z
PMG05497,9,30.47,11:28:19.972,"32.8945,-96.57679",2025-10-27T08:44:03.743271Z
PMG05497,7,31.52,11:28:20.280,"32.8945,-96.57679",2025-10-27T08:44:04.466730Z
PMG05497,4,25.63,11:28:20.016,"32.8945,-96.57679",2025-10-27T08:44:05.187830Z
PMG00475,2,50.74,02:41:23.663,"32.8945,-96.57679",2025-10-27T08:44:05.891877Z
PMG00475,2,43.12,02:41:23.964,"32.8945,-96.57679",2025-10-27T08:44:06.594282Z
PMG02567,3,37.36,08:41:25.366,"32.8945,-96.57679",2025-10-27T08:44:07.296165Z
PMG02567,8,30.43,08:41:25.848,"32.8945,-96.57679",2025-10-27T08:44:07.997838Z
PMG02567,5,26.07,08:41:25.488,"32.8945,-96.57679",2025-10-27T08:44:08.699084Z
PMG02551,3,45.83,09:02:06.573,"32.8945,-96.57679",2025-10-27T08:44:09.412323Z
PMG02551,1,35.45,09:02:06.836,"32.8945,-96.57679",2025-10-27T08:44:10.122498Z
PMG02551,4,38.32,09:02:06.745,"32.8945,-96.57679",2025-10-27T08:44:10.856297Z
PMG02551,2,41.11,09:02:07.668,"32.8945,-96.57679",2025-10-27T08:44:11.547256Z
PMG02945,4,46.49,09:17:45.697,"32.8945,-96.57679",2025-10-27T08:44:12.247836Z
PMG02945,2,36.81,09:17:46.020,"32.8945,-96.57679",2025-10-27T08:44:12.995651Z
PMG02945,2,35.3,09:17:46.521,"32.8945,-96.57679",2025-10-27T08:44:13.714566Z
PMG01141,9,31.62,16:18:01.858,"32.8945,-96.57679",2025-10-27T08:44:14.425816Z
PMG01141,8,26.17,16:18:02.102,"32.8945,-96.57679",2025-10-27T08:44:15.156653Z
PMG01141,2,36.01,16:18:02.094,"32.8945,-96.57679",2025-10-27T08:44:15.881248Z
PMG07435,1,44.62,09:20:23.344,"32.8945,-96.57679",2025-10-27T08:44:16.584628Z
PMG07435,3,46.2,09:20:23.544,"32.8945,-96.57679",2025-10-27T08:44:17.314489Z
PMG07435,3,41.82,09:20:23.770,"32.8945,-96.57679",2025-10-27T08:44:18.040725Z
PMG01259,3,39.15,13:50:59.285,"32.8945,-96.57679",2025-10-27T08:44:18.776335Z
PMG01259,4,36.35,13:50:59.604,"32.8945,-96.57679",2025-10-27T08:44:19.512435Z
PMG01259,2,46.2,13:51:00.109,"32.8945,-96.57679",2025-10-27T08:44:20.212627Z
PMG01259,5,37.37,13:51:00.533,"32.8945,-96.57679",2025-10-27T08:44:20.917955Z
PMG00779,1,33.7,14:31:36.640,"32.8945,-96.57679",2025-10-27T08:44:21.617982Z
PMG00779,5,36.46,14:31:36.933,"32.8945,-96.57679",2025-10-27T08:44:22.365697Z
PMG00168,2,41.2,19:15:28.257,"32.8945,-96.57679",2025-10-27T08:44:23.082112Z
PMG00168,3,45.81,19:15:28.551,"32.8945,-96.57679",2025-10-27T08:44:23.781234Z
PMG00168,4,32.34,19:15:28.683,"32.8945,-96.57679",2025-10-27T08:44:24.501350Z
PMG00168,6,36.27,19:15:29.355,"32.8945,-96.57679",2025-10-27T08:44:25.222080Z
PMG00168,1,42.11,19:15:29.165,"32.8945,-96.57679",2025-10-27T08:44:25.926857Z
PMG07321,5,31.98,12:18:48.692,"32.8945,-96.57679",2025-10-27T08:44:26.632643Z
PMG07321,8,33.56,12:18:48.958,"32.8945,-96.57679",2025-10-27T08:44:27.332255Z
PMG00543,6,35.1,14:45:48.977,"32.8945,-96.57679",2025-10-27T08:44:28.059763Z
PMG00543,1,32.69,14:45:49.272,"32.8945,-96.57679",2025-10-27T08:44:28.765934Z
PMG00543,4,31.58,14:45:49.863,"32.8945,-96.57679",2025-10-27T08:44:29.472982Z
PMG00543,5,48.55,14:45:50.363,"32.8945,-96.57679",2025-10-27T08:44:30.204319Z
PMG00543,3,36.99,14:45:50.093,"32.8945,-96.57679",2025-10-27T08:44:30.932283Z
PMG07662,5,24.94,16:51:46.096,"32.8945,-96.57679",2025-10-27T08:44:31.646800Z
PMG07662,5,23.93,16:51:46.311,"32.8945,-96.57679",2025-10-27T08:44:32.355802Z
PMG07662,6,33.88,16:51:46.556,"32.8945,-96.57679",2025-10-27T08:44:33.064620Z
PMG07662,7,21.31,16:51:46.324,"32.8945,-96.57679",2025-10-27T08:44:33.789945Z
PMG07662,2,24.73,16:51:46.572,"32.8945,-96.57679",2025-10-27T08:44:34.510009Z
PMG09477,7,37.88,17:43:58.971,"32.8945,-96.57679",2025-10-27T08:44:35.222469Z
PMG09477,5,36.18,17:43:59.169,"32.8945,-96.57679",2025-10-27T08:44:35.941712Z
PMG02653,2,29.51,11:20:55.325,"32.8945,-96.57679",2025-10-27T08:44:36.634798Z
PMG02653,7,23.77,11:20:55.644,"32.8945,-96.57679",2025-10-27T08:44:37.359336Z
PMG00069,4,45.04,09:48:01.932,"32.8945,-96.57679",2025-10-27T08:44:38.061083Z
PMG00069,4,43.76,09:48:02.273,"32.8945,-96.57679",2025-10-27T08:44:38.766419Z
PMG00069,4,44.83,09:48:02.204,"32.8945,-96.57679",2025-10-27T08:44:39.468152Z
PMG00069,3,41.43,09:48:02.988,"32.8945,-96.57679",2025-10-27T08:44:40.192745Z
PMG08341,1,41.48,09:21:50.933,"32.8945,-96.57679",2025-10-27T08:44:40.923111Z
PMG08341,1,31.09,09:21:51.373,"32.8945,-96.57679",2025-10-27T08:44:41.656321Z
PMG09964,1,36.0,10:58:45.305,"32.8945,-96.57679",2025-10-27T08:44:42.394605Z
PMG09964,2,39.19,10:58:45.534,"32.8945,-96.57679",2025-10-27T08:44:43.094154Z
PMG09964,6,32.52,10:58:45.491,"32.8945,-96.57679",2025-10-27T08:44:43.798012Z
PMG09964,2,45.88,10:58:46.742,"32.8945,-96.57679",2025-10-27T08:44:44.499384Z
PMG02446,5,38.4,10:07:50.763,"32.8945,-96.57679",2025-10-27T08:44:45.210911Z
PMG02446,4,39.78,10:07:51.021,"32.8945,-96.57679",2025-10-27T08:44:45.927406Z
PMG02446,4,40.17,10:07:51.093,"32.8945,-96.57679",2025-10-27T08:44:46.634904Z
PMG02446,3,38.92,10:07:50.904,"32.8945,-96.57679",2025-10-27T08:44:47.373873Z
PMG02446,4,39.25,10:07:52.039,"32.8945,-96.57679",2025-10-27T08:44:48.082382Z
PMG02244,6,19.33,12:53:25.595,"32.8945,-96.57679",2025-10-27T08:44:48.801468Z
PMG02244,2,25.56,12:53:25.800,"32.8945,-96.57679",2025-10-27T08:44:49.514745Z
PMG02244,5,29.03,12:53:25.799,"32.8945,-96.57679",2025-10-27T08:44:50.263239Z
PMG02244,10,28.53,12:53:26.198,"32.8945,-96.57679",2025-10-27T08:44:50.965738Z
PMG02244,6,25.5,12:53:26.083,"32.8945,-96.57679",2025-10-27T08:44:51.676542Z
PMG04888,2,31.08,07:24:39.982,"32.8945,-96.57679",2025-10-27T08:44:52.390791Z
PMG04888,8,33.47,07:24:40.095,"32.8945,-96.57679",2025-10-27T08:44:53.118312Z
PMG01601,1,45.26,01:38:22.090,"32.8945,-96.57679",2025-10-27T08:44:53.848153Z
PMG01601,1,48.11,01:38:22.173,"32.8945,-96.57679",2025-10-27T08:44:54.581471Z
PMG09613,1,43.08,04:49:23.829,"32.8945,-96.57679",2025-10-27T08:44:55.300407Z
PMG09613,2,39.51,04:49:23.885,"32.8945,-96.57679",2025-10-27T08:44:56.031338Z
PMG09613,1,47.29,04:49:23.965,"32.8945,-96.57679",2025-10-27T08:44:56.729848Z
PMG07870,3,43.22,14:10:06.937,"32.8945,-96.57679",2025-10-27T08:44:57.429736Z
PMG07870,1,36.07,14:10:07.125,"32.8945,-96.57679",2025-10-27T08:44:58.132823Z
PMG01401,4,34.0,15:19:21.370,"32.8945,-96.57679",2025-10-27T08:44:58.863189Z
PMG01401,3,43.05,15:19:21.779,"32.8945,-96.57679",2025-10-27T08:44:59.564144Z
PMG01401,5,30.44,15:19:21.958,"32.8945,-96.57679",2025-10-27T08:45:00.277883Z
PMG01401,1,42.67,15:19:22.813,"32.8945,-96.57679",2025-10-27T08:45:00.980402Z
PMG01401,2,40.79,15:19:21.714,"32.8945,-96.57679",2025-10-27T08:45:01.704802Z
PMG06665,4,23.75,08:33:59.151,"32.8945,-96.57679",2025-10-27T08:45:02.431471Z
PMG06665,6,17.67,08:33:59.595,"32.8945,-96.57679",2025-10-27T08:45:03.138390Z
PMG06665,6,31.62,08:33:59.657,"32.8945,-96.57679",2025-10-27T08:45:03.871840Z
PMG04735,4,35.58,21:18:50.641,"32.8945,-96.57679",2025-10-27T08:45:04.576221Z
PMG04735,4,36.88,21:18:50.756,"32.8945,-96.57679",2025-10-27T08:45:05.297114Z
PMG04735,1,44.16,21:18:51.293,"32.8945,-96.57679",2025-10-27T08:45:05.999341Z
PMG08440,4,36.54,14:13:06.538,"32.8945,-96.57679",2025-10-27T08:45:06.699579Z
PMG08440,4,42.43,14:13:06.654,"32.8945,-96.57679",2025-10-27T08:45:07.395419Z
PMG08440,1,31.92,14:13:07.188,"32.8945,-96.57679",2025-10-27T08:45:08.124189Z
PMG08440,2,49.69,14:13:06.718,"32.8945,-96.57679",2025-10-27T08:45:08.835128Z
PMG04290,5,31.8,09:50:51.235,"32.8945,-96.57679",2025-10-27T08:45:09.535831Z
PMG04290,2,45.96,09:50:51.547,"32.8945,-96.57679",2025-10-27T08:45:10.229138Z
PMG04290,4,38.93,09:50:51.413,"32.8945,-96.57679",2025-10-27T08:45:10.940187Z
PMG04290,4,45.46,09:50:51.484,"32.8945,-96.57679",2025-10-27T08:45:11.673332Z
PMG04290,2,46.62,09:50:52.367,"32.8945,-96.57679",2025-10-27T08:45:12.377841Z
PMG06487,1,43.37,23:49:06.221,"32.8945,-96.57679",2025-10-27T08:45:13.082232Z
PMG06487,1,37.9,23:49:06.498,"32.8945,-96.57679",2025-10-27T08:45:13.787422Z
PMG06487,2,47.47,23:49:06.305,"32.8945,-96.57679",2025-10-27T08:45:14.490993Z
PMG06487,1,43.66,23:49:06.728,"32.8945,-96.57679",2025-10-27T08:45:15.208160Z
PMG06487,1,50.68,23:49:06.849,"32.8945,-96.57679",2025-10-27T08:45:15.949743Z
PMG04587,8,27.39,11:17:38.419,"32.8945,-96.57679",2025-10-27T08:45:16.675634Z
PMG04587,3,32.84,11:17:38.450,"32.8945,-96.57679",2025-10-27T08:45:17.388054Z
PMG04587,5,23.73,11:17:38.903,"32.8945,-96.57679",2025-10-27T08:45:18.107224Z
PMG04587,8,27.28,11:17:39.898,"32.8945,-96.57679",2025-10-27T08:45:18.805554Z
PMG05090,9,20.24,12:41:00.149,"32.8945,-96.57679",2025-10-27T08:45:19.501017Z
PMG05090,4,25.1,12:41:00.371,"32.8945,-96.57679",2025-10-27T08:45:20.189916Z
PMG08296,1,41.94,20:04:13.379,"32.8945,-96.57679",2025-10-27T08:45:20.907603Z
PMG08296,1,24.33,20:04:13.388,"32.8945,-96.57679",2025-10-27T08:45:21.606879Z
PMG08296,3,38.55,20:04:14.241,"32.8945,-96.57679",2025-10-27T08:45:22.313864Z
PMG08296,4,45.1,20:04:13.481,"32.8945,-96.57679",2025-10-27T08:45:23.039867Z
PMG08296,2,44.61,20:04:13.695,"32.8945,-96.57679",2025-10-27T08:45:23.741829Z
PMG08745,8,21.39,16:18:02.259,"32.8945,-96.57679",2025-10-27T08:45:24.464953Z
PMG08745,2,25.26,16:18:02.739,"32.8945,-96.57679",2025-10-27T08:45:25.181603Z
PMG07385,2,21.19,11:23:18.631,"32.8945,-96.57679",2025-10-27T08:45:25.882591Z
PMG07385,6,30.12,11:23:19.047,"32.8945,-96.57679",2025-10-27T08:45:26.584375Z
PMG07385,3,27.92,11:23:18.665,"32.8945,-96.57679",2025-10-27T08:45:27.285299Z
PMG07385,8,28.77,11:23:19.450,"32.8945,-96.57679",2025-10-27T08:45:27.983032Z
PMG00190,3,43.18,10:10:56.495,"32.8945,-96.57679",2025-10-27T08:45:28.685377Z
PMG00190,3,41.32,10:10:56.539,"32.8945,-96.57679",2025-10-27T08:45:29.384442Z
PMG00190,6,46.01,10:10:56.693,"32.8945,-96.57679",2025-10-27T08:45:30.081640Z
PMG00190,6,42.55,10:10:57.650,"32.8945,-96.57679",2025-10-27T08:45:30.797792Z
PMG05041,1,46.03,02:17:51.830,"32.8945,-96.57679",2025-10-27T08:45:31.502060Z
PMG05041,1,38.53,02:17:52.292,"32.8945,-96.57679",2025-10-27T08:45:32.228298Z
PMG05041,2,41.11,02:17:52.726,"32.8945,-96.57679",2025-10-27T08:45:32.923643Z
PMG05041,2,48.86,02:17:52.853,"32.8945,-96.57679",2025-10-27T08:45:33.624415Z
PMG05041,1,49.44,02:17:52.334,"32.8945,-96.57679",2025-10-27T08:45:34.338381Z
PMG07337,2,29.91,12:08:50.836,"32.8945,-96.57679",2025-10-27T08:45:35.068780Z
PMG07337,3,25.38,12:08:50.922,"32.8945,-96.57679",2025-10-27T08:45:35.765880Z
PMG07337,6,27.44,12:08:51.196,"32.8945,-96.57679",2025-10-27T08:45:36.492540Z
PMG07337,5,20.72,12:08:51.529,"32.8945,-96.57679",2025-10-27T08:45:37.193565Z
PMG07337,2,28.01,12:08:52.308,"32.8945,-96.57679",2025-10-27T08:45:37.906062Z
PMG04352,1,37.26,14:21:50.353,"32.8945,-96.57679",2025-10-27T08:45:38.609729Z
PMG04352,1,38.98,14:21:50.619,"32.8945,-96.57679",2025-10-27T08:45:39.326542Z
PMG04352,5,27.74,14:21:51.037,"32.8945,-96.57679",2025-10-27T08:45:40.029499Z
PMG04352,5,34.86,14:21:50.512,"32.8945,-96.57679",2025-10-27T08:45:40.726564Z
PMG02295,5,38.0,06:24:53.879,"32.8945,-96.57679",2025-10-27T08:45:41.455277Z
PMG02295,3,42.43,06:24:53.881,"32.8945,-96.57679",2025-10-27T08:45:42.155578Z
PMG02295,4,44.97,06:24:54.873,"32.8945,-96.57679",2025-10-27T08:45:42.858949Z
PMG02295,5,30.32,06:24:54.353,"32.8945,-96.57679",2025-10-27T08:45:43.592338Z
PMG02295,4,38.54,06:24:55.747,"32.8945,-96.57679",2025-10-27T08:45:44.290623Z
PMG05572,5,29.28,07:59:19.833,"32.8945,-96.57679",2025-10-27T08:45:45.020990Z
PMG05572,2,27.01,07:59:19.997,"32.8945,-96.57679",2025-10-27T08:45:45.743136Z
PMG05572,3,31.37,07:59:19.925,"32.8945,-96.57679",2025-10-27T08:45:46.480705Z
PMG04259,2,24.49,07:59:51.500,"32.8945,-96.57679",2025-10-27T08:45:47.187991Z
PMG04259,2,30.91,07:59:51.604,"32.8945,-96.57679",2025-10-27T08:45:47.900343Z
PMG04259,5,19.28,07:59:51.954,"32.8945,-96.57679",2025-10-27T08:45:48.616264Z
PMG04259,3,24.14,07:59:51.587,"32.8945,-96.57679",2025-10-27T08:45:49.325634Z
PMG04259,4,27.96,07:59:52.144,"32.8945,-96.57679",2025-10-27T08:45:50.032907Z
PMG09891,2,25.51,08:38:23.977,"32.8945,-96.57679",2025-10-27T08:45:50.736942Z
PMG09891,4,34.43,08:38:24.045,"32.8945,-96.57679",2025-10-27T08:45:51.439673Z
PMG03169,8,23.08,11:46:15.477,"32.8945,-96.57679",2025-10-27T08:45:52.175299Z
PMG03169,9,15.22,11:46:15.904,"32.8945,-96.57679",2025-10-27T08:45:52.934980Z
PMG03169,4,23.98,11:46:15.913,"32.8945,-96.57679",2025-10-27T08:45:53.627627Z
PMG03169,7,32.6,11:46:16.569,"32.8945,-96.57679",2025-10-27T08:45:54.334602Z
PMG00956,4,33.14,07:17:41.714,"32.8945,-96.57679",2025-10-27T08:45:55.074367Z
PMG00956,5,31.26,07:17:42.150,"32.8945,-96.57679",2025-10-27T08:45:55.774912Z
PMG05968,7,22.19,08:34:21.315,"32.8945,-96.57679",2025-10-27T08:45:56.471342Z
PMG05968,2,36.98,08:34:21.407,"32.8945,-96.57679",2025-10-27T08:45:57.193061Z
PMG05968,9,30.76,08:34:21.983,"32.8945,-96.57679",2025-10-27T08:45:57.938303Z
PMG05968,6,29.63,08:34:22.464,"32.8945,-96.57679",2025-10-27T08:45:58.642457Z
PMG06776,8,25.06,08:21:05.743,"32.8945,-96.57679",2025-10-27T08:45:59.347442Z
PMG06776,6,31.12,08:21:05.898,"32.8945,-96.57679",2025-10-27T08:46:00.069011Z
PMG06776,8,23.51,08:21:06.477,"32.8945,-96.57679",2025-10-27T08:46:00.796395Z
PMG06776,8,28.49,08:21:06.199,"32.8945,-96.57679",2025-10-27T08:46:01.501037Z
PMG06776,6,31.86,08:21:06.599,"32.8945,-96.57679",2025-10-27T08:46:02.235870Z
PMG02720,4,45.62,14:54:41.939,"32.8945,-96.57679",2025-10-27T08:46:02.934435Z
PMG02720,2,34.85,14:54:42.141,"32.8945,-96.57679",2025-10-27T08:46:03.661897Z
PMG02720,2,43.44,14:54:41.995,"32.8945,-96.57679",2025-10-27T08:46:04.358546Z
PMG08766,4,44.56,05:53:04.273,"32.8945,-96.57679",2025-10-27T08:46:05.065237Z
PMG08766,4,39.87,05:53:04.449,"32.8945,-96.57679",2025-10-27T08:46:05.763378Z
PMG08766,5,40.27,05:53:04.621,"32.8945,-96.57679",2025-10-27T08:46:06.491848Z
PMG08070,8,31.12,17:57:00.080,"32.8945,-96.57679",2025-10-27T08:46:07.198579Z
PMG08070,5,29.73,17:57:00.482,"32.8945,-96.57679",2025-10-27T08:46:07.932449Z
PMG08070,7,36.08,17:57:00.318,"32.8945,-96.57679",2025-10-27T08:46:08.643762Z
PMG08070,2,26.43,17:57:01.400,"32.8945,-96.57679",2025-10-27T08:46:09.353097Z
PMG08070,6,22.96,17:57:01.776,"32.8945,-96.57679",2025-10-27T08:46:10.047291Z
PMG01126,9,29.39,07:35:36.415,"32.8945,-96.57679",2025-10-27T08:46:10.780850Z
PMG01126,8,31.32,07:35:36.423,"32.8945,-96.57679",2025-10-27T08:46:11.474215Z
PMG01126,5,26.55,07:35:36.775,"32.8945,-96.57679",2025-10-27T08:46:12.188753Z
PMG06127,7,31.48,12:23:15.456,"32.8945,-96.57679",2025-10-27T08:46:12.891444Z
PMG06127,3,31.61,12:23:15.912,"32.8945,-96.57679",2025-10-27T08:46:13.597479Z
PMG06127,7,29.7,12:23:16.240,"32.8945,-96.57679",2025-10-27T08:46:14.301370Z
PMG06127,3,25.33,12:23:16.773,"32.8945,-96.57679",2025-10-27T08:46:14.999587Z
PMG04031,4,43.27,14:01:23.290,"32.8945,-96.57679",2025-10-27T08:46:15.731996Z
PMG04031,2,34.18,14:01:23.651,"32.8945,-96.57679",2025-10-27T08:46:16.433024Z
PMG09788,7,25.46,11:16:41.876,"32.8945,-96.57679",2025-10-27T08:46:17.155955Z
PMG09788,5,24.84,11:16:42.172,"32.8945,-96.57679",2025-10-27T08:46:17.864687Z
PMG09788,3,32.23,11:16:42.422,"32.8945,-96.57679",2025-10-27T08:46:18.582965Z
PMG09788,4,23.21,11:16:43.301,"32.8945,-96.57679",2025-10-27T08:46:19.319257Z
PMG09836,3,48.46,15:11:53.450,"32.8945,-96.57679",2025-10-27T08:46:20.041311Z
PMG09836,3,43.32,15:11:53.811,"32.8945,-96.57679",2025-10-27T08:46:20.746086Z
PMG09836,2,45.56,15:11:53.532,"32.8945,-96.57679",2025-10-27T08:46:21.447538Z
PMG09836,2,43.42,15:11:53.951,"32.8945,-96.57679",2025-10-27T08:46:22.159028Z
PMG09836,2,48.95,15:11:55.206,"32.8945,-96.57679",2025-10-27T08:46:22.864022Z
PMG04062,1,53.68,18:01:42.329,"32.8945,-96.57679",2025-10-27T08:46:23.569260Z
PMG04062,5,43.74,18:01:42.708,"32.8945,-96.57679",2025-10-27T08:46:24.275623Z
PMG06742,2,33.15,07:55:41.480,"32.8945,-96.57679",2025-10-27T08:46:25.002611Z
PMG06742,3,25.66,07:55:41.920,"32.8945,-96.57679",2025-10-27T08:46:25.709762Z
PMG06742,8,31.18,07:55:41.896,"32.8945,-96.57679",2025-10-27T08:46:26.413109Z
PMG09994,2,28.62,17:25:26.085,"32.8945,-96.57679",2025-10-27T08:46:27.109455Z
PMG09994,8,18.77,17:25:26.571,"32.8945,-96.57679",2025-10-27T08:46:27.813022Z
PMG09994,5,36.23,17:25:26.225,"32.8945,-96.57679",2025-10-27T08:46:28.515353Z
PMG09994,6,25.61,17:25:27.243,"32.8945,-96.57679",2025-10-27T08:46:29.243014Z
PMG09994,7,25.89,17:25:27.141,"32.8945,-96.57679",2025-10-27T08:46:29.935977Z
PMG01712,6,32.44,08:39:40.065,"32.8945,-96.57679",2025-10-27T08:46:30.643399Z
PMG01712,2,24.75,08:39:40.110,"32.8945,-96.57679",2025-10-27T08:46:31.342955Z
PMG00294,2,46.97,15:55:43.085,"32.8945,-96.57679",2025-10-27T08:46:32.055948Z
PMG00294,4,29.15,15:55:43.267,"32.8945,-96.57679",2025-10-27T08:46:32.766049Z
PMG00336,2,39.01,09:41:11.438,"32.8945,-96.57679",2025-10-27T08:46:33.469401Z
PMG00336,5,41.43,09:41:11.555,"32.8945,-96.57679",2025-10-27T08:46:34.182077Z
PMG09350,9,30.22,12:28:59.732,"32.8945,-96.57679",2025-10-27T08:46:34.886043Z
PMG09350,6,32.34,12:28:59.855,"32.8945,-96.57679",2025-10-27T08:46:35.583084Z
PMG09017,2,35.15,17:43:21.195,"32.8945,-96.57679",2025-10-27T08:46:36.283118Z
PMG09017,9,34.32,17:43:21.469,"32.8945,-96.57679",2025-10-27T08:46:36.985076Z
PMG09017,5,27.0,17:43:21.831,"32.8945,-96.57679",2025-10-27T08:46:37.689834Z
PMG09017,3,27.76,17:43:21.699,"32.8945,-96.57679",2025-10-27T08:46:38.400509Z
PMG09017,2,25.57,17:43:23.027,"32.8945,-96.57679",2025-10-27T08:46:39.102776Z
PMG05321,1,47.43,09:20:24.814,"32.8945,-96.57679",2025-10-27T08:46:39.799774Z
PMG05321,1,31.87,09:20:24.959,"32.8945,-96.57679",2025-10-27T08:46:40.498761Z
PMG06028,8,28.08,07:21:37.842,"32.8945,-96.57679",2025-10-27T08:46:41.208010Z
PMG06028,2,22.84,07:21:38.299,"32.8945,-96.57679",2025-10-27T08:46:41.900194Z
PMG06028,5,28.73,07:21:37.916,"32.8945,-96.57679",2025-10-27T08:46:42.599789Z
PMG06028,7,23.6,07:21:38.334,"32.8945,-96.57679",2025-10-27T08:46:43.307597Z
PMG06028,8,33.81,07:21:39.838,"32.8945,-96.57679",2025-10-27T08:46:44.007820Z
PMG05425,3,28.48,08:16:58.923,"32.8945,-96.57679",2025-10-27T08:46:44.727106Z
PMG05425,4,30.65,08:16:59.319,"32.8945,-96.57679",2025-10-27T08:46:45.435250Z
PMG05425,4,36.52,08:16:59.583,"32.8945,-96.57679",2025-10-27T08:46:46.132116Z
PMG05425,2,35.79,08:16:59.169,"32.8945,-96.57679",2025-10-27T08:46:46.826453Z
PMG05425,2,24.1,08:16:59.239,"32.8945,-96.57679",2025-10-27T08:46:47.550495Z
PMG05081,9,28.29,16:29:34.282,"32.8945,-96.57679",2025-10-27T08:46:48.245591Z
PMG05081,4,24.91,16:29:34.709,"32.8945,-96.57679",2025-10-27T08:46:48.977705Z
PMG05081,4,26.14,16:29:34.456,"32.8945,-96.57679",2025-10-27T08:46:49.680891Z
PMG05081,6,29.74,16:29:34.378,"32.8945,-96.57679",2025-10-27T08:46:50.384511Z
PMG05081,2,27.38,16:29:35.474,"32.8945,-96.57679",2025-10-27T08:46:51.078301Z
PMG09458,9,26.24,07:45:26.934,"32.8945,-96.57679",2025-10-27T08:46:51.798132Z
PMG09458,5,29.2,07:45:27.063,"32.8945,-96.57679",2025-10-27T08:46:52.510650Z
PMG09458,3,25.77,07:45:27.156,"32.8945,-96.57679",2025-10-27T08:46:53.240370Z
PMG09458,7,24.89,07:45:27.183,"32.8945,-96.57679",2025-10-27T08:46:53.950495Z
PMG06046,2,22.06,12:43:54.446,"32.8945,-96.57679",2025-10-27T08:46:54.656253Z
PMG06046,2,29.16,12:43:54.817,"32.8945,-96.57679",2025-10-27T08:46:55.359100Z
PMG06046,9,31.93,12:43:54.510,"32.8945,-96.57679",2025-10-27T08:46:56.067487Z
PMG06046,8,27.27,12:43:55.871,"32.8945,-96.57679",2025-10-27T08:46:56.798407Z
PMG06046,8,30.25,12:43:54.810,"32.8945,-96.57679",2025-10-27T08:46:57.492034Z
PMG01737,3,44.25,13:31:01.458,"32.8945,-96.57679",2025-10-27T08:46:58.220608Z
PMG01737,2,39.61,13:31:01.702,"32.8945,-96.57679",2025-10-27T08:46:58.914738Z
PMG02264,2,49.04,09:56:19.375,"32.8945,-96.57679",2025-10-27T08:46:59.639288Z
PMG02264,6,44.45,09:56:19.600,"32.8945,-96.57679",2025-10-27T08:47:00.333946Z
PMG02264,1,39.8,09:56:19.665,"32.8945,-96.57679",2025-10-27T08:47:01.039296Z
PMG02264,2,38.02,09:56:20.446,"32.8945,-96.57679",2025-10-27T08:47:01.741902Z
PMG02264,4,41.7,09:56:20.259,"32.8945,-96.57679",2025-10-27T08:47:02.476709Z
PMG03486,3,36.34,21:02:05.199,"32.8945,-96.57679",2025-10-27T08:47:03.188477Z
PMG03486,3,38.49,21:02:05.693,"32.8945,-96.57679",2025-10-27T08:47:03.902728Z
PMG03486,1,35.87,21:02:05.433,"32.8945,-96.57679",2025-10-27T08:47:04.608133Z
PMG03486,5,30.76,21:02:06.678,"32.8945,-96.57679",2025-10-27T08:47:05.384982Z
PMG03486,4,38.48,21:02:06.287,"32.8945,-96.57679",2025-10-27T08:47:06.122016Z
PMG02436,2,27.61,17:37:09.273,"32.8945,-96.57679",2025-10-27T08:47:06.825894Z
PMG02436,5,29.54,17:37:09.402,"32.8945,-96.57679",2025-10-27T08:47:07.526347Z
PMG02436,6,22.01,17:37:09.639,"32.8945,-96.57679",2025-10-27T08:47:08.238544Z
PMG02436,2,23.26,17:37:09.984,"32.8945,-96.57679",2025-10-27T08:47:08.941229Z
PMG03208,1,57.24,13:55:48.819,"32.8945,-96.57679",2025-10-27T08:47:09.685298Z
PMG03208,4,39.55,13:55:48.840,"32.8945,-96.57679",2025-10-27T08:47:10.384254Z
PMG03208,3,42.98,13:55:49.269,"32.8945,-96.57679",2025-10-27T08:47:11.119386Z
PMG03208,5,40.66,13:55:48.996,"32.8945,-96.57679",2025-10-27T08:47:11.821110Z
PMG04418,4,31.13,17:47:04.852,"32.8945,-96.57679",2025-10-27T08:47:12.522379Z
PMG04418,7,28.29,17:47:05.343,"32.8945,-96.57679",2025-10-27T08:47:13.215651Z
PMG04418,2,32.34,17:47:05.404,"32.8945,-96.57679",2025-10-27T08:47:13.946229Z
PMG00965,7,29.02,16:29:04.121,"32.8945,-96.57679",2025-10-27T08:47:14.650492Z
PMG00965,5,31.3,16:29:04.194,"32.8945,-96.57679",2025-10-27T08:47:15.355807Z
PMG03281,5,33.51,14:26:58.710,"32.8945,-96.57679",2025-10-27T08:47:16.051857Z
PMG03281,1,49.97,14:26:59.024,"32.8945,-96.57679",2025-10-27T08:47:16.763148Z
PMG03281,2,42.48,14:26:59.334,"32.8945,-96.57679",2025-10-27T08:47:17.465668Z
PMG05302,6,24.48,07:22:30.002,"32.8945,-96.57679",2025-10-27T08:47:18.192376Z
PMG05302,7,26.52,07:22:30.007,"32.8945,-96.57679",2025-10-27T08:47:18.899199Z
PMG05302,4,34.75,07:22:30.532,"32.8945,-96.57679",2025-10-27T08:47:19.600565Z
PMG05302,5,30.54,07:22:30.584,"32.8945,-96.57679",2025-10-27T08:47:20.299029Z
PMG05302,5,26.95,07:22:31.946,"32.8945,-96.57679",2025-10-27T08:47:21.010467Z
PMG09704,1,39.61,19:35:50.922,"32.8945,-96.57679",2025-10-27T08:47:21.708502Z
PMG09704,2,37.54,19:35:51.264,"32.8945,-96.57679",2025-10-27T08:47:22.456271Z
PMG09704,5,36.62,19:35:51.472,"32.8945,-96.57679",2025-10-27T08:47:23.149324Z
PMG09704,1,42.97,19:35:52.182,"32.8945,-96.57679",2025-10-27T08:47:23.845559Z
PMG09704,4,42.61,19:35:51.054,"32.8945,-96.57679",2025-10-27T08:47:24.549039Z
PMG01078,2,36.76,13:38:18.494,"32.8945,-96.57679",2025-10-27T08:47:25.249066Z
PMG01078,3,37.81,13:38:18.831,"32.8945,-96.57679",2025-10-27T08:47:25.978448Z
PMG03796,8,27.6,07:58:22.905,"32.8945,-96.57679",2025-10-27T08:47:26.709200Z
PMG03796,6,22.7,07:58:22.981,"32.8945,-96.57679",2025-10-27T08:47:27.438818Z
PMG03796,5,27.97,07:58:22.913,"32.8945,-96.57679",2025-10-27T08:47:28.165641Z
PMG05647,2,29.92,16:07:29.659,"32.8945,-96.57679",2025-10-27T08:47:28.893931Z
PMG05647,6,30.23,16:07:29.954,"32.8945,-96.57679",2025-10-27T08:47:29.591375Z
PMG01734,3,33.96,09:56:41.229,"32.8945,-96.57679",2025-10-27T08:47:30.298650Z
PMG01734,5,49.31,09:56:41.651,"32.8945,-96.57679",2025-10-27T08:47:30.999102Z
PMG01734,5,45.86,09:56:41.857,"32.8945,-96.57679",2025-10-27T08:47:31.709173Z
PMG07715,3,47.14,09:42:09.173,"32.8945,-96.57679",2025-10-27T08:47:32.416121Z
PMG07715,5,28.23,09:42:09.644,"32.8945,-96.57679",2025-10-27T08:47:33.145169Z
PMG07715,2,42.08,09:42:09.761,"32.8945,-96.57679",2025-10-27T08:47:33.831642Z
PMG01730,2,24.18,12:45:51.162,"32.8945,-96.57679",2025-10-27T08:47:34.531222Z
PMG01730,2,24.54,12:45:51.186,"32.8945,-96.57679",2025-10-27T08:47:35.233972Z
PMG00944,2,29.52,10:28:02.250,"32.8945,-96.57679",2025-10-27T08:47:35.971271Z
PMG00944,6,36.27,10:28:02.474,"32.8945,-96.57679",2025-10-27T08:47:36.664415Z
PMG03305,1,50.15,23:16:00.107,"32.8945,-96.57679",2025-10-27T08:47:37.365806Z
PMG03305,1,51.19,23:16:00.336,"32.8945,-96.57679",2025-10-27T08:47:38.099143Z
PMG06973,2,26.18,11:50:48.220,"32.8945,-96.57679",2025-10-27T08:47:38.837727Z
PMG06973,2,27.91,11:50:48.278,"32.8945,-96.57679",2025-10-27T08:47:39.539440Z
PMG04074,9,37.87,11:32:22.833,"32.8945,-96.57679",2025-10-27T08:47:40.243221Z
PMG04074,6,25.75,11:32:23.185,"32.8945,-96.57679",2025-10-27T08:47:40.944413Z
PMG08637,4,33.05,11:37:58.295,"32.8945,-96.57679",2025-10-27T08:47:41.655721Z
PMG08637,2,28.12,11:37:58.569,"32.8945,-96.57679",2025-10-27T08:47:42.371306Z
PMG08637,8,30.62,11:37:59.029,"32.8945,-96.57679",2025-10-27T08:47:43.072950Z
PMG08637,5,29.08,11:37:59.792,"32.8945,-96.57679",2025-10-27T08:47:43.808213Z
PMG08637,2,31.04,11:37:59.523,"32.8945,-96.57679",2025-10-27T08:47:44.512770Z
PMG02735,2,22.92,16:16:53.960,"32.8945,-96.57679",2025-10-27T08:47:45.207933Z
PMG02735,7,26.31,16:16:53.996,"32.8945,-96.57679",2025-10-27T08:47:45.910469Z
PMG02735,8,26.45,16:16:54.944,"32.8945,-96.57679",2025-10-27T08:47:46.611488Z
PMG02735,4,30.43,16:16:54.374,"32.8945,-96.57679",2025-10-27T08:47:47.341846Z
PMG06569,6,20.55,08:29:34.854,"32.8945,-96.57679",2025-10-27T08:47:48.049259Z
PMG06569,9,31.84,08:29:35.166,"32.8945,-96.57679",2025-10-27T08:47:48.743514Z
PMG06569,5,29.43,08:29:35.428,"32.8945,-96.57679",2025-10-27T08:47:49.444308Z
PMG08326,5,28.06,16:28:09.850,"32.8945,-96.57679",2025-10-27T08:47:50.150454Z
PMG08326,7,35.74,16:28:09.854,"32.8945,-96.57679",2025-10-27T08:47:50.848976Z
PMG08326,2,26.11,16:28:10.734,"32.8945,-96.57679",2025-10-27T08:47:51.541223Z
PMG08326,3,20.96,16:28:10.108,"32.8945,-96.57679",2025-10-27T08:47:52.240295Z
PMG08326,9,26.38,16:28:11.146,"32.8945,-96.57679",2025-10-27T08:47:52.941885Z
PMG00191,1,48.1,10:18:08.823,"32.8945,-96.57679",2025-10-27T08:47:53.635899Z
PMG00191,2,40.97,10:18:08.952,"32.8945,-96.57679",2025-10-27T08:47:54.358044Z
PMG00191,3,30.54,10:18:09.389,"32.8945,-96.57679",2025-10-27T08:47:55.053141Z
PMG09434,2,27.01,08:51:38.501,"32.8945,-96.57679",2025-10-27T08:47:55.756482Z
PMG09434,2,33.76,08:51:38.662,"32.8945,-96.57679",2025-10-27T08:47:56.470265Z
PMG09434,2,29.36,08:51:39.209,"32.8945,-96.57679",2025-10-27T08:47:57.175273Z
PMG09434,3,24.73,08:51:39.440,"32.8945,-96.57679",2025-10-27T08:47:57.878768Z
PMG04047,6,44.49,21:56:14.563,"32.8945,-96.57679",2025-10-27T08:47:58.582787Z
PMG04047,3,39.07,21:56:14.570,"32.8945,-96.57679",2025-10-27T08:47:59.291955Z
PMG01504,2,39.29,19:10:48.589,"32.8945,-96.57679",2025-10-27T08:48:00.002464Z
PMG01504,5,39.09,19:10:48.751,"32.8945,-96.57679",2025-10-27T08:48:00.714295Z
PMG05053,5,41.25,14:04:50.419,"32.8945,-96.57679",2025-10-27T08:48:01.419453Z
PMG05053,1,34.97,14:04:50.638,"32.8945,-96.57679",2025-10-27T08:48:02.148292Z
PMG01340,9,26.52,16:23:08.194,"32.8945,-96.57679",2025-10-27T08:48:02.854985Z
PMG01340,2,25.13,16:23:08.402,"32.8945,-96.57679",2025-10-27T08:48:03.549308Z
PMG01340,3,24.46,16:23:08.520,"32.8945,-96.57679",2025-10-27T08:48:04.247045Z
PMG04746,3,32.15,12:51:25.457,"32.8945,-96.57679",2025-10-27T08:48:04.977707Z
PMG04746,6,31.29,12:51:25.616,"32.8945,-96.57679",2025-10-27T08:48:05.676130Z
PMG04746,8,24.44,12:51:26.369,"32.8945,-96.57679",2025-10-27T08:48:06.405418Z
PMG04746,8,37.45,12:51:26.408,"32.8945,-96.57679",2025-10-27T08:48:07.099325Z
PMG02257,2,44.12,09:24:18.523,"32.8945,-96.57679",2025-10-27T08:48:07.809144Z
PMG02257,4,35.99,09:24:18.713,"32.8945,-96.57679",2025-10-27T08:48:08.510965Z
PMG02257,3,36.25,09:24:18.733,"32.8945,-96.57679",2025-10-27T08:48:09.247160Z
PMG02257,2,41.84,09:24:18.904,"32.8945,-96.57679",2025-10-27T08:48:09.979893Z
PMG02257,4,46.06,09:24:20.251,"32.8945,-96.57679",2025-10-27T08:48:10.674790Z
PMG01858,4,50.78,20:13:26.604,"32.8945,-96.57679",2025-10-27T08:48:11.402013Z
PMG01858,4,39.83,20:13:27.037,"32.8945,-96.57679",2025-10-27T08:48:12.135041Z
PMG01858,2,34.2,20:13:27.206,"32.8945,-96.57679",2025-10-27T08:48:12.829418Z
PMG01858,1,28.65,20:13:27.336,"32.8945,-96.57679",2025-10-27T08:48:13.521464Z
PMG02659,3,34.72,09:01:56.818,"32.8945,-96.57679",2025-10-27T08:48:14.223212Z
PMG02659,4,38.36,09:01:57.114,"32.8945,-96.57679",2025-10-27T08:48:14.932696Z
PMG02659,3,43.0,09:01:57.530,"32.8945,-96.57679",2025-10-27T08:48:15.630562Z
PMG02904,8,28.94,12:11:18.228,"32.8945,-96.57679",2025-10-27T08:48:16.328531Z
PMG02904,3,23.59,12:11:18.660,"32.8945,-96.57679",2025-10-27T08:48:17.040065Z
PMG02904,3,36.51,12:11:18.236,"32.8945,-96.57679",2025-10-27T08:48:17.749407Z
PMG02904,4,24.66,12:11:19.512,"32.8945,-96.57679",2025-10-27T08:48:18.449400Z
PMG01217,3,32.87,15:07:09.238,"32.8945,-96.57679",2025-10-27T08:48:19.163690Z
PMG01217,4,42.5,15:07:09.411,"32.8945,-96.57679",2025-10-27T08:48:19.867204Z
PMG01217,4,40.08,15:07:10.066,"32.8945,-96.57679",2025-10-27T08:48:20.568122Z
PMG09143,2,22.29,11:39:21.370,"32.8945,-96.57679",2025-10-27T08:48:21.280253Z
PMG09143,5,26.76,11:39:21.408,"32.8945,-96.57679",2025-10-27T08:48:21.978444Z
PMG09143,9,36.33,11:39:21.754,"32.8945,-96.57679",2025-10-27T08:48:22.675771Z
PMG09143,8,33.1,11:39:22.231,"32.8945,-96.57679",2025-10-27T08:48:23.381910Z
PMG04185,2,31.52,11:24:43.414,"32.8945,-96.57679",2025-10-27T08:48:24.081401Z
PMG04185,6,27.39,11:24:43.633,"32.8945,-96.57679",2025-10-27T08:48:24.802852Z
PMG05907,2,46.17,15:04:19.471,"32.8945,-96.57679",2025-10-27T08:48:25.530694Z
PMG05907,4,41.91,15:04:19.603,"32.8945,-96.57679",2025-10-27T08:48:26.240612Z
PMG05907,5,50.23,15:04:20.029,"32.8945,-96.57679",2025-10-27T08:48:26.945442Z
PMG05907,3,42.22,15:04:19.522,"32.8945,-96.57679",2025-10-27T08:48:27.649451Z
PMG05907,3,49.75,15:04:20.051,"32.8945,-96.57679",2025-10-27T08:48:28.367158Z
PMG01388,2,28.77,12:48:48.446,"32.8945,-96.57679",2025-10-27T08:48:29.075733Z
PMG01388,3,22.22,12:48:48.494,"32.8945,-96.57679",2025-10-27T08:48:29.799475Z
PMG01388,2,32.09,12:48:49.270,"32.8945,-96.57679",2025-10-27T08:48:30.507182Z
PMG01388,2,33.5,12:48:48.965,"32.8945,-96.57679",2025-10-27T08:48:31.220187Z
PMG01388,2,23.13,12:48:49.086,"32.8945,-96.57679",2025-10-27T08:48:31.929812Z
PMG02882,4,26.11,16:17:05.900,"32.8945,-96.57679",2025-10-27T08:48:32.643476Z
PMG02882,6,32.96,16:17:06.091,"32.8945,-96.57679",2025-10-27T08:48:33.349509Z
PMG02882,2,24.36,16:17:06.114,"32.8945,-96.57679",2025-10-27T08:48:34.067750Z
PMG02882,5,35.79,16:17:06.644,"32.8945,-96.57679",2025-10-27T08:48:34.793966Z
PMG05757,4,36.22,09:12:45.914,"32.8945,-96.57679",2025-10-27T08:48:35.499744Z
PMG05757,1,39.08,09:12:46.068,"32.8945,-96.57679",2025-10-27T08:48:36.205494Z
PMG05757,2,37.12,09:12:46.494,"32.8945,-96.57679",2025-10-27T08:48:36.899503Z
PMG05757,2,40.13,09:12:46.358,"32.8945,-96.57679",2025-10-27T08:48:37.599535Z
PMG05757,4,37.7,09:12:47.494,"32.8945,-96.57679",2025-10-27T08:48:38.332856Z
PMG06104,3,20.61,12:48:29.131,"32.8945,-96.57679",2025-10-27T08:48:39.044082Z
PMG06104,5,28.72,12:48:29.301,"32.8945,-96.57679",2025-10-27T08:48:39.771149Z
PMG06104,5,24.18,12:48:29.891,"32.8945,-96.57679",2025-10-27T08:48:40.485053Z
PMG06104,5,31.56,12:48:29.830,"32.8945,-96.57679",2025-10-27T08:48:41.238946Z
PMG06104,6,31.23,12:48:30.891,"32.8945,-96.57679",2025-10-27T08:48:41.965127Z
PMG04726,3,27.78,12:17:05.125,"32.8945,-96.57679",2025-10-27T08:48:42.663735Z
PMG04726,7,29.63,12:17:05.372,"32.8945,-96.57679",2025-10-27T08:48:43.364947Z
PMG04726,6,22.02,12:17:05.955,"32.8945,-96.57679",2025-10-27T08:48:44.060034Z
PMG04726,9,26.41,12:17:06.226,"32.8945,-96.57679",2025-10-27T08:48:44.760471Z
PMG08808,8,30.64,17:20:36.377,"32.8945,-96.57679",2025-10-27T08:48:45.465295Z
PMG08808,9,29.1,17:20:36.830,"32.8945,-96.57679",2025-10-27T08:48:46.161270Z
PMG00667,3,23.08,17:41:45.067,"32.8945,-96.57679",2025-10-27T08:48:46.889290Z
PMG00667,3,25.37,17:41:45.306,"32.8945,-96.57679",2025-10-27T08:48:47.597986Z
PMG00667,9,26.06,17:41:45.479,"32.8945,-96.57679",2025-10-27T08:48:48.299604Z
PMG00703,1,39.83,14:16:21.319,"32.8945,-96.57679",2025-10-27T08:48:49.005702Z
PMG00703,1,35.0,14:16:21.417,"32.8945,-96.57679",2025-10-27T08:48:49.704352Z
PMG00703,5,38.19,14:16:21.975,"32.8945,-96.57679",2025-10-27T08:48:50.407032Z
PMG00703,2,39.75,14:16:21.421,"32.8945,-96.57679",2025-10-27T08:48:51.114385Z
PMG00703,1,33.61,14:16:22.843,"32.8945,-96.57679",2025-10-27T08:48:51.815897Z
PMG09707,2,24.49,12:38:54.022,"32.8945,-96.57679",2025-10-27T08:48:52.508451Z
PMG09707,2,37.58,12:38:54.352,"32.8945,-96.57679",2025-10-27T08:48:53.216293Z
PMG09707,6,29.17,12:38:54.786,"32.8945,-96.57679",2025-10-27T08:48:53.914950Z
PMG09707,7,22.48,12:38:54.022,"32.8945,-96.57679",2025-10-27T08:48:54.617060Z
PMG08187,3,30.16,17:54:59.783,"32.8945,-96.57679",2025-10-27T08:48:55.328897Z
PMG08187,3,34.74,17:55:00.178,"32.8945,-96.57679",2025-10-27T08:48:56.045667Z
PMG02804,4,43.27,20:34:16.802,"32.8945,-96.57679",2025-10-27T08:48:56.778937Z
PMG02804,2,49.16,20:34:17.083,"32.8945,-96.57679",2025-10-27T08:48:57.482991Z
PMG06947,5,31.85,06:34:58.847,"32.8945,-96.57679",2025-10-27T08:48:58.178403Z
PMG06947,3,37.77,06:34:59.301,"32.8945,-96.57679",2025-10-27T08:48:58.866309Z
PMG06947,4,35.55,06:34:59.449,"32.8945,-96.57679",2025-10-27T08:48:59.566338Z
PMG05995,4,38.49,11:08:13.859,"32.8945,-96.57679",2025-10-27T08:49:00.293170Z
PMG05995,6,25.02,11:08:13.862,"32.8945,-96.57679",2025-10-27T08:49:00.995158Z
PMG05995,3,27.6,11:08:14.819,"32.8945,-96.57679",2025-10-27T08:49:01.725441Z
PMG05995,2,24.97,11:08:14.549,"32.8945,-96.57679",2025-10-27T08:49:02.427548Z
PMG05995,4,30.58,11:08:14.667,"32.8945,-96.57679",2025-10-27T08:49:03.133037Z
PMG08313,2,26.79,08:21:08.548,"32.8945,-96.57679",2025-10-27T08:49:03.841071Z
PMG08313,8,29.15,08:21:08.642,"32.8945,-96.57679",2025-10-27T08:49:04.553757Z
PMG08313,6,29.19,08:21:08.670,"32.8945,-96.57679",2025-10-27T08:49:05.247997Z
PMG08313,3,26.52,08:21:09.499,"32.8945,-96.57679",2025-10-27T08:49:05.979144Z
PMG08313,3,24.54,08:21:08.596,"32.8945,-96.57679",2025-10-27T08:49:06.680125Z
PMG05318,5,33.59,07:39:29.313,"32.8945,-96.57679",2025-10-27T08:49:07.383075Z
PMG05318,4,32.15,07:39:29.547,"32.8945,-96.57679",2025-10-27T08:49:08.099721Z
PMG05318,7,29.1,07:39:29.639,"32.8945,-96.57679",2025-10-27T08:49:08.795865Z
PMG05318,6,32.73,07:39:30.132,"32.8945,-96.57679",2025-10-27T08:49:09.532883Z
PMG02409,3,26.28,16:05:12.512,"32.8945,-96.57679",2025-10-27T08:49:10.226549Z
PMG02409,2,27.24,16:05:12.878,"32.8945,-96.57679",2025-10-27T08:49:10.949735Z
PMG02409,2,30.12,16:05:13.128,"32.8945,-96.57679",2025-10-27T08:49:11.659242Z
PMG02409,8,24.15,16:05:13.349,"32.8945,-96.57679",2025-10-27T08:49:12.351867Z
PMG02143,1,50.81,09:17:38.631,"32.8945,-96.57679",2025-10-27T08:49:13.062498Z
PMG02143,2,46.66,09:17:38.864,"32.8945,-96.57679",2025-10-27T08:49:13.766416Z
PMG02143,4,29.85,09:17:38.783,"32.8945,-96.57679",2025-10-27T08:49:14.492174Z
PMG08461,1,39.68,14:28:48.172,"32.8945,-96.57679",2025-10-27T08:49:15.201231Z
PMG08461,4,33.39,14:28:48.339,"32.8945,-96.57679",2025-10-27T08:49:15.906259Z
PMG08461,5,38.07,14:28:49.052,"32.8945,-96.57679",2025-10-27T08:49:16.644502Z
PMG08461,2,41.79,14:28:49.084,"32.8945,-96.57679",2025-10-27T08:49:17.344422Z
PMG01641,1,51.39,03:15:41.931,"32.8945,-96.57679",2025-10-27T08:49:18.066461Z
PMG01641,2,37.0,03:15:42.352,"32.8945,-96.57679",2025-10-27T08:49:18.781994Z
PMG07982,4,48.33,13:32:07.080,"32.8945,-96.57679",2025-10-27T08:49:19.474117Z
PMG07982,2,36.55,13:32:07.468,"32.8945,-96.57679",2025-10-27T08:49:20.185195Z
PMG07982,3,37.06,13:32:07.168,"32.8945,-96.57679",2025-10-27T08:49:20.884837Z
PMG07982,5,34.31,13:32:08.058,"32.8945,-96.57679",2025-10-27T08:49:21.583577Z
PMG07982,4,41.08,13:32:07.480,"32.8945,-96.57679",2025-10-27T08:49:22.298800Z
PMG08965,2,45.11,21:40:49.499,"32.8945,-96.57679",2025-10-27T08:49:23.026812Z
PMG08965,2,37.96,21:40:49.603,"32.8945,-96.57679",2025-10-27T08:49:23.762539Z
PMG08965,4,43.18,21:40:49.933,"32.8945,-96.57679",2025-10-27T08:49:24.467694Z
PMG01699,1,55.54,09:45:12.804,"32.8945,-96.57679",2025-10-27T08:49:25.165233Z
PMG01699,6,32.04,09:45:12.861,"32.8945,-96.57679",2025-10-27T08:49:25.866504Z
PMG01699,4,34.3,09:45:13.058,"32.8945,-96.57679",2025-10-27T08:49:26.573654Z
PMG06075,4,25.63,17:43:01.020,"32.8945,-96.57679",2025-10-27T08:49:27.266551Z
PMG06075,9,30.99,17:43:01.060,"32.8945,-96.57679",2025-10-27T08:49:27.977327Z
PMG06075,3,20.21,17:43:01.044,"32.8945,-96.57679",2025-10-27T08:49:28.700970Z
PMG06075,5,31.7,17:43:01.977,"32.8945,-96.57679",2025-10-27T08:49:29.403674Z
PMG06075,3,21.43,17:43:02.104,"32.8945,-96.57679",2025-10-27T08:49:30.112249Z
PMG07448,2,33.81,17:17:43.512,"32.8945,-96.57679",2025-10-27T08:49:30.845401Z
PMG07448,2,27.46,17:17:43.704,"32.8945,-96.57679",2025-10-27T08:49:31.543856Z
PMG07448,6,32.08,17:17:44.138,"32.8945,-96.57679",2025-10-27T08:49:32.278327Z
PMG07092,4,34.31,10:46:55.583,"32.8945,-96.57679",2025-10-27T08:49:32.979200Z
PMG07092,2,39.54,10:46:55.686,"32.8945,-96.57679",2025-10-27T08:49:33.716553Z
PMG07092,2,39.29,10:46:56.237,"32.8945,-96.57679",2025-10-27T08:49:34.419408Z
PMG05282,2,31.38,09:22:36.566,"32.8945,-96.57679",2025-10-27T08:49:35.149906Z
PMG05282,4,50.68,09:22:36.954,"32.8945,-96.57679",2025-10-27T08:49:35.855258Z
PMG05282,2,31.35,09:22:36.692,"32.8945,-96.57679",2025-10-27T08:49:36.548713Z
PMG05282,2,36.48,09:22:37.406,"32.8945,-96.57679",2025-10-27T08:49:37.286749Z
PMG02107,2,28.84,12:05:00.864,"32.8945,-96.57679",2025-10-27T08:49:38.033268Z
PMG02107,8,30.18,12:05:01.238,"32.8945,-96.57679",2025-10-27T08:49:38.740778Z
PMG02107,5,33.1,12:05:01.654,"32.8945,-96.57679",2025-10-27T08:49:39.459465Z
PMG02107,2,26.54,12:05:01.836,"32.8945,-96.57679",2025-10-27T08:49:40.195508Z
PMG02107,9,31.98,12:05:00.908,"32.8945,-96.57679",2025-10-27T08:49:40.913983Z
PMG09208,7,27.08,12:49:35.740,"32.8945,-96.57679",2025-10-27T08:49:41.616125Z
PMG09208,3,20.39,12:49:36.230,"32.8945,-96.57679",2025-10-27T08:49:42.314244Z
PMG09208,5,25.76,12:49:36.348,"32.8945,-96.57679",2025-10-27T08:49:43.046072Z
PMG09208,7,18.69,12:49:35.980,"32.8945,-96.57679",2025-10-27T08:49:43.768629Z
PMG09208,8,29.42,12:49:37.220,"32.8945,-96.57679",2025-10-27T08:49:44.468977Z
PMG04174,3,48.96,09:24:18.949,"32.8945,-96.57679",2025-10-27T08:49:45.179996Z
PMG04174,4,44.12,09:24:19.267,"32.8945,-96.57679",2025-10-27T08:49:45.878224Z
PMG04174,2,36.24,09:24:19.273,"32.8945,-96.57679",2025-10-27T08:49:46.582143Z
PMG03792,4,24.09,11:18:55.579,"32.8945,-96.57679",2025-10-27T08:49:47.277333Z
PMG03792,5,32.18,11:18:55.590,"32.8945,-96.57679",2025-10-27T08:49:47.975083Z
PMG03792,2,27.73,11:18:56.401,"32.8945,-96.57679",2025-10-27T08:49:48.680202Z
PMG03792,2,27.15,11:18:56.479,"32.8945,-96.57679",2025-10-27T08:49:49.388652Z
PMG03792,8,30.54,11:18:57.139,"32.8945,-96.57679",2025-10-27T08:49:50.083345Z
PMG00853,3,35.7,14:37:23.082,"32.8945,-96.57679",2025-10-27T08:49:50.788124Z
PMG00853,1,41.92,14:37:23.275,"32.8945,-96.57679",2025-10-27T08:49:51.480008Z
PMG00853,5,44.84,14:37:23.136,"32.8945,-96.57679",2025-10-27T08:49:52.179077Z
PMG00853,2,39.71,14:37:23.589,"32.8945,-96.57679",2025-10-27T08:49:52.875098Z
PMG03424,2,29.34,15:00:11.040,"32.8945,-96.57679",2025-10-27T08:49:53.576446Z
PMG03424,1,32.63,15:00:11.197,"32.8945,-96.57679",2025-10-27T08:49:54.307349Z
PMG02922,1,37.91,19:37:51.749,"32.8945,-96.57679",2025-10-27T08:49:55.008994Z
PMG02922,3,39.53,19:37:52.241,"32.8945,-96.57679",2025-10-27T08:49:55.716697Z
PMG02922,3,34.61,19:37:52.095,"32.8945,-96.57679",2025-10-27T08:49:56.416678Z
PMG09825,5,29.16,16:51:39.385,"32.8945,-96.57679",2025-10-27T08:49:57.107846Z
PMG09825,3,31.18,16:51:39.551,"32.8945,-96.57679",2025-10-27T08:49:57.807746Z
PMG09825,6,25.6,16:51:39.977,"32.8945,-96.57679",2025-10-27T08:49:58.511196Z
PMG09825,10,26.14,16:51:40.438,"32.8945,-96.57679",2025-10-27T08:49:59.243785Z
PMG09825,3,29.69,16:51:41.201,"32.8945,-96.57679",2025-10-27T08:49:59.946283Z
PMG04613,9,30.19,08:07:12.791,"32.8945,-96.57679",2025-10-27T08:50:00.646293Z
PMG04613,6,26.02,08:07:12.929,"32.8945,-96.57679",2025-10-27T08:50:01.416602Z
PMG04613,5,28.2,08:07:12.955,"32.8945,-96.57679",2025-10-27T08:50:02.120979Z
PMG03961,6,29.88,11:28:15.409,"32.8945,-96.57679",2025-10-27T08:50:02.844388Z
PMG03961,2,31.79,11:28:15.499,"32.8945,-96.57679",2025-10-27T08:50:03.542531Z
PMG03431,1,45.98,02:45:10.720,"32.8945,-96.57679",2025-10-27T08:50:04.250258Z
PMG03431,1,47.63,02:45:11.050,"32.8945,-96.57679",2025-10-27T08:50:04.961255Z
PMG03431,1,50.72,02:45:11.112,"32.8945,-96.57679",2025-10-27T08:50:05.676903Z
PMG08085,2,32.65,10:00:00.828,"32.8945,-96.57679",2025-10-27T08:50:06.383501Z
PMG08085,5,40.26,10:00:01.047,"32.8945,-96.57679",2025-10-27T08:50:07.074627Z
PMG04678,8,24.47,11:21:08.698,"32.8945,-96.57679",2025-10-27T08:50:07.774898Z
PMG04678,10,27.38,11:21:08.705,"32.8945,-96.57679",2025-10-27T08:50:08.483462Z
PMG08575,3,41.25,14:54:58.702,"32.8945,-96.57679",2025-10-27T08:50:09.183175Z
PMG08575,5,44.83,14:54:59.201,"32.8945,-96.57679",2025-10-27T08:50:09.878080Z
PMG08575,1,55.5,14:54:58.752,"32.8945,-96.57679",2025-10-27T08:50:10.598377Z
PMG05769,8,29.81,11:29:34.407,"32.8945,-96.57679",2025-10-27T08:50:11.296350Z
PMG05769,4,27.84,11:29:34.748,"32.8945,-96.57679",2025-10-27T08:50:12.000142Z
PMG06318,5,38.58,21:04:30.992,"32.8945,-96.57679",2025-10-27T08:50:12.728243Z
PMG06318,4,46.7,21:04:31.268,"32.8945,-96.57679",2025-10-27T08:50:13.427716Z
PMG06318,4,39.69,21:04:31.550,"32.8945,-96.57679",2025-10-27T08:50:14.133487Z
PMG06318,2,59.64,21:04:31.349,"32.8945,-96.57679",2025-10-27T08:50:14.844516Z
PMG06318,3,36.64,21:04:32.268,"32.8945,-96.57679",2025-10-27T08:50:15.545858Z
PMG00588,5,43.32,09:09:25.618,"32.8945,-96.57679",2025-10-27T08:50:16.250186Z
PMG00588,6,42.14,09:09:25.783,"32.8945,-96.57679",2025-10-27T08:50:16.943298Z
PMG01975,6,36.96,11:28:57.892,"32.8945,-96.57679",2025-10-27T08:50:17.633560Z
PMG01975,6,26.68,11:28:57.996,"32.8945,-96.57679",2025-10-27T08:50:18.325442Z
PMG01975,8,32.27,11:28:58.180,"32.8945,-96.57679",2025-10-27T08:50:19.027372Z
PMG01975,7,29.66,11:28:59.260,"32.8945,-96.57679",2025-10-27T08:50:19.783314Z
PMG01975,3,29.7,11:28:59.456,"32.8945,-96.57679",2025-10-27T08:50:20.482658Z
PMG05242,9,26.98,08:15:36.038,"32.8945,-96.57679",2025-10-27T08:50:21.183561Z
PMG05242,6,26.44,08:15:36.370,"32.8945,-96.57679",2025-10-27T08:50:21.885451Z
PMG02775,1,50.5,14:48:32.076,"32.8945,-96.57679",2025-10-27T08:50:22.599295Z
PMG02775,1,34.93,14:48:32.517,"32.8945,-96.57679",2025-10-27T08:50:23.331828Z
PMG02775,1,42.3,14:48:32.210,"32.8945,-96.57679",2025-10-27T08:50:24.030188Z
PMG02775,1,39.77,14:48:32.532,"32.8945,-96.57679",2025-10-27T08:50:24.733576Z
PMG00390,3,32.67,20:50:51.602,"32.8945,-96.57679",2025-10-27T08:50:25.450320Z
PMG00390,4,44.09,20:50:51.818,"32.8945,-96.57679",2025-10-27T08:50:26.149906Z
PMG00390,1,38.82,20:50:51.940,"32.8945,-96.57679",2025-10-27T08:50:26.857316Z
PMG02885,1,44.86,02:47:20.289,"32.8945,-96.57679",2025-10-27T08:50:27.562640Z
PMG02885,1,46.71,02:47:20.367,"32.8945,-96.57679",2025-10-27T08:50:28.262387Z
PMG04285,1,48.21,00:18:11.492,"32.8945,-96.57679",2025-10-27T08:50:28.966946Z
PMG04285,1,48.22,00:18:11.545,"32.8945,-96.57679",2025-10-27T08:50:29.673527Z
PMG04285,1,52.11,00:18:11.678,"32.8945,-96.57679",2025-10-27T08:50:30.373257Z
PMG04285,2,41.83,00:18:11.924,"32.8945,-96.57679",2025-10-27T08:50:31.097920Z
PMG01302,1,47.53,02:50:59.347,"32.8945,-96.57679",2025-10-27T08:50:31.824999Z
PMG01302,1,46.5,02:50:59.516,"32.8945,-96.57679",2025-10-27T08:50:32.552242Z
PMG01302,1,45.81,02:51:00.159,"32.8945,-96.57679",2025-10-27T08:50:33.259282Z
PMG01302,1,49.06,02:51:00.211,"32.8945,-96.57679",2025-10-27T08:50:33.979852Z
PMG06576,6,26.58,17:10:31.568,"32.8945,-96.57679",2025-10-27T08:50:34.705531Z
PMG06576,4,25.14,17:10:31.903,"32.8945,-96.57679",2025-10-27T08:50:35.442833Z
PMG06576,3,23.5,17:10:32.452,"32.8945,-96.57679",2025-10-27T08:50:36.150376Z
PMG06576,2,24.87,17:10:31.778,"32.8945,-96.57679",2025-10-27T08:50:36.861534Z
PMG04224,2,47.57,21:42:47.353,"32.8945,-96.57679",2025-10-27T08:50:37.554453Z
PMG04224,1,44.01,21:42:47.450,"32.8945,-96.57679",2025-10-27T08:50:38.279288Z
PMG04224,4,42.57,21:42:47.853,"32.8945,-96.57679",2025-10-27T08:50:38.990227Z
PMG09097,9,26.41,17:09:37.433,"32.8945,-96.57679",2025-10-27T08:50:39.683674Z
PMG09097,3,42.3,17:09:37.646,"32.8945,-96.57679",2025-10-27T08:50:40.383675Z
PMG03301,4,35.03,07:59:20.150,"32.8945,-96.57679",2025-10-27T08:50:41.093860Z
PMG03301,4,26.87,07:59:20.612,"32.8945,-96.57679",2025-10-27T08:50:41.800327Z
PMG03301,8,31.31,07:59:20.588,"32.8945,-96.57679",2025-10-27T08:50:42.501959Z
PMG09857,1,35.0,19:20:50.060,"32.8945,-96.57679",2025-10-27T08:50:43.210715Z
PMG09857,3,45.88,19:20:50.490,"32.8945,-96.57679",2025-10-27T08:50:43.928729Z
PMG09857,5,32.51,19:20:50.408,"32.8945,-96.57679",2025-10-27T08:50:44.656562Z
PMG09857,2,44.94,19:20:50.795,"32.8945,-96.57679",2025-10-27T08:50:45.390639Z
PMG02966,2,42.46,20:13:24.530,"32.8945,-96.57679",2025-10-27T08:50:46.089932Z
PMG02966,1,37.21,20:13:24.843,"32.8945,-96.57679",2025-10-27T08:50:46.817031Z
PMG02966,4,45.68,20:13:24.554,"32.8945,-96.57679",2025-10-27T08:50:47.550405Z
PMG09837,1,49.37,13:34:36.626,"32.8945,-96.57679",2025-10-27T08:50:48.264948Z
PMG09837,2,36.97,13:34:36.699,"32.8945,-96.57679",2025-10-27T08:50:48.956707Z
PMG09837,5,41.63,13:34:37.488,"32.8945,-96.57679",2025-10-27T08:50:49.683713Z
PMG09837,2,33.93,13:34:36.887,"32.8945,-96.57679",2025-10-27T08:50:50.382317Z
PMG07739,5,37.58,19:18:46.737,"32.8945,-96.57679",2025-10-27T08:50:51.090778Z
PMG07739,4,40.64,19:18:46.950,"32.8945,-96.57679",2025-10-27T08:50:51.794688Z
PMG07739,5,33.34,19:18:46.787,"32.8945,-96.57679",2025-10-27T08:50:52.500256Z
PMG07739,3,39.61,19:18:48.171,"32.8945,-96.57679",2025-10-27T08:50:53.213029Z
PMG08671,1,43.27,15:29:33.260,"32.8945,-96.57679",2025-10-27T08:50:53.923757Z
PMG08671,3,36.72,15:29:33.276,"32.8945,-96.57679",2025-10-27T08:50:54.626417Z
PMG08671,2,46.2,15:29:33.630,"32.8945,-96.57679",2025-10-27T08:50:55.357361Z
PMG08671,2,44.27,15:29:33.965,"32.8945,-96.57679",2025-10-27T08:50:56.068963Z
PMG06860,4,32.2,11:18:14.529,"32.8945,-96.57679",2025-10-27T08:50:56.775680Z
PMG06860,6,24.44,11:18:15.002,"32.8945,-96.57679",2025-10-27T08:50:57.479909Z
PMG06860,2,27.74,11:18:14.887,"32.8945,-96.57679",2025-10-27T08:50:58.178987Z
PMG06860,2,31.24,11:18:15.423,"32.8945,-96.57679",2025-10-27T08:50:58.917128Z
PMG06860,4,22.46,11:18:14.725,"32.8945,-96.57679",2025-10-27T08:50:59.626706Z
PMG06273,2,38.73,11:16:13.205,"32.8945,-96.57679",2025-10-27T08:51:00.335087Z
PMG06273,2,30.5,11:16:13.259,"32.8945,-96.57679",2025-10-27T08:51:01.065258Z
PMG06273,2,29.88,11:16:13.771,"32.8945,-96.57679",2025-10-27T08:51:01.767122Z
PMG06273,2,28.01,11:16:14.198,"32.8945,-96.57679",2025-10-27T08:51:02.464638Z
PMG05195,2,22.12,07:47:32.620,"32.8945,-96.57679",2025-10-27T08:51:03.166524Z
PMG05195,9,24.54,07:47:32.939,"32.8945,-96.57679",2025-10-27T08:51:03.873070Z
PMG04593,8,32.07,17:13:40.239,"32.8945,-96.57679",2025-10-27T08:51:04.581970Z
PMG04593,5,19.57,17:13:40.608,"32.8945,-96.57679",2025-10-27T08:51:05.279867Z
PMG01629,6,24.94,08:59:20.075,"32.8945,-96.57679",2025-10-27T08:51:05.977020Z
PMG01629,2,24.97,08:59:20.405,"32.8945,-96.57679",2025-10-27T08:51:06.717275Z
PMG01629,6,29.57,08:59:20.389,"32.8945,-96.57679",2025-10-27T08:51:07.433855Z
PMG08752,6,22.96,17:10:43.366,"32.8945,-96.57679",2025-10-27T08:51:08.159959Z
PMG08752,4,23.82,17:10:43.762,"32.8945,-96.57679",2025-10-27T08:51:08.892639Z
PMG08752,3,31.61,17:10:43.940,"32.8945,-96.57679",2025-10-27T08:51:09.595397Z
PMG08752,4,30.89,17:10:44.245,"32.8945,-96.57679",2025-10-27T08:51:10.304593Z
PMG08752,3,23.0,17:10:43.486,"32.8945,-96.57679",2025-10-27T08:51:10.999592Z
PMG07086,5,35.73,07:48:43.109,"32.8945,-96.57679",2025-10-27T08:51:11.709157Z
PMG07086,5,21.94,07:48:43.532,"32.8945,-96.57679",2025-10-27T08:51:12.406146Z
PMG02496,3,24.42,12:48:10.647,"32.8945,-96.57679",2025-10-27T08:51:13.112186Z
PMG02496,8,21.35,12:48:10.916,"32.8945,-96.57679",2025-10-27T08:51:13.820057Z
PMG02496,9,32.58,12:48:11.157,"32.8945,-96.57679",2025-10-27T08:51:14.517209Z
PMG02496,7,32.42,12:48:11.775,"32.8945,-96.57679",2025-10-27T08:51:15.221056Z
PMG02496,3,26.83,12:48:11.795,"32.8945,-96.57679",2025-10-27T08:51:15.939061Z
PMG04383,5,32.18,12:58:18.692,"32.8945,-96.57679",2025-10-27T08:51:16.671863Z
PMG04383,4,32.73,12:58:18.942,"32.8945,-96.57679",2025-10-27T08:51:17.375983Z
PMG00808,7,29.01,12:50:02.578,"32.8945,-96.57679",2025-10-27T08:51:18.082392Z
PMG00808,7,22.94,12:50:02.899,"32.8945,-96.57679",2025-10-27T08:51:18.809011Z
PMG00808,4,24.14,12:50:03.524,"32.8945,-96.57679",2025-10-27T08:51:19.513291Z
PMG00808,4,29.4,12:50:03.295,"32.8945,-96.57679",2025-10-27T08:51:20.217264Z
PMG00808,8,31.81,12:50:03.990,"32.8945,-96.57679",2025-10-27T08:51:20.922689Z
PMG01581,5,37.08,15:57:49.228,"32.8945,-96.57679",2025-10-27T08:51:21.626454Z
PMG01581,3,35.62,15:57:49.342,"32.8945,-96.57679",2025-10-27T08:51:22.333908Z
PMG01581,2,36.6,15:57:49.906,"32.8945,-96.57679",2025-10-27T08:51:23.064259Z
PMG01581,2,31.85,15:57:50.134,"32.8945,-96.57679",2025-10-27T08:51:23.797223Z
PMG01581,1,38.4,15:57:49.604,"32.8945,-96.57679",2025-10-27T08:51:24.496845Z
PMG09469,3,24.11,12:56:55.944,"32.8945,-96.57679",2025-10-27T08:51:25.189515Z
PMG09469,5,23.61,12:56:56.284,"32.8945,-96.57679",2025-10-27T08:51:25.892474Z
PMG09469,6,26.39,12:56:56.940,"32.8945,-96.57679",2025-10-27T08:51:26.593331Z
PMG09469,8,22.56,12:56:57.345,"32.8945,-96.57679",2025-10-27T08:51:27.315922Z
PMG09469,8,24.27,12:56:57.376,"32.8945,-96.57679",2025-10-27T08:51:28.018419Z
PMG08324,1,46.0,13:39:46.503,"32.8945,-96.57679",2025-10-27T08:51:28.722001Z
PMG08324,1,30.14,13:39:46.924,"32.8945,-96.57679",2025-10-27T08:51:29.444942Z
PMG08324,4,45.09,13:39:47.101,"32.8945,-96.57679",2025-10-27T08:51:30.152714Z
PMG08324,3,36.17,13:39:46.632,"32.8945,-96.57679",2025-10-27T08:51:30.856322Z
PMG08324,1,32.59,13:39:47.015,"32.8945,-96.57679",2025-10-27T08:51:31.557869Z
PMG07981,4,41.9,14:27:11.546,"32.8945,-96.57679",2025-10-27T08:51:32.281066Z
PMG07981,1,29.61,14:27:11.778,"32.8945,-96.57679",2025-10-27T08:51:32.982894Z
PMG07981,3,35.29,14:27:11.908,"32.8945,-96.57679",2025-10-27T08:51:33.689021Z
PMG07981,3,32.69,14:27:13.040,"32.8945,-96.57679",2025-10-27T08:51:34.384132Z
PMG07981,2,40.38,14:27:11.938,"32.8945,-96.57679",2025-10-27T08:51:35.105639Z
PMG04270,1,36.6,10:05:30.009,"32.8945,-96.57679",2025-10-27T08:51:35.815521Z
PMG04270,2,39.65,10:05:30.273,"32.8945,-96.57679",2025-10-27T08:51:36.531958Z
PMG03718,7,26.4,17:45:23.632,"32.8945,-96.57679",2025-10-27T08:51:37.261817Z
PMG03718,3,33.08,17:45:24.121,"32.8945,-96.57679",2025-10-27T08:51:37.984059Z
PMG03718,10,27.89,17:45:23.734,"32.8945,-96.57679",2025-10-27T08:51:38.679920Z
PMG03718,5,26.21,17:45:24.271,"32.8945,-96.57679",2025-10-27T08:51:39.386664Z
PMG03718,2,38.84,17:45:25.368,"32.8945,-96.57679",2025-10-27T08:51:40.084056Z
PMG00273,5,30.85,07:23:26.360,"32.8945,-96.57679",2025-10-27T08:51:40.793136Z
PMG00273,5,27.31,07:23:26.650,"32.8945,-96.57679",2025-10-27T08:51:41.495411Z
PMG00273,8,26.11,07:23:26.434,"32.8945,-96.57679",2025-10-27T08:51:42.200713Z
PMG00273,3,35.83,07:23:26.366,"32.8945,-96.57679",2025-10-27T08:51:42.900744Z
PMG02399,9,37.08,07:15:08.481,"32.8945,-96.57679",2025-10-27T08:51:43.622147Z
PMG02399,9,27.3,07:15:08.854,"32.8945,-96.57679",2025-10-27T08:51:44.329250Z
PMG04523,3,25.0,16:36:39.276,"32.8945,-96.57679",2025-10-27T08:51:45.030363Z
PMG04523,8,35.78,16:36:39.726,"32.8945,-96.57679",2025-10-27T08:51:45.729803Z
PMG04523,8,23.66,16:36:39.932,"32.8945,-96.57679",2025-10-27T08:51:46.429715Z
PMG04523,2,31.48,16:36:39.525,"32.8945,-96.57679",2025-10-27T08:51:47.130059Z
PMG04292,3,34.94,15:01:20.299,"32.8945,-96.57679",2025-10-27T08:51:47.831414Z
PMG04292,5,41.03,15:01:20.493,"32.8945,-96.57679",2025-10-27T08:51:48.563309Z
PMG09914,5,52.62,18:10:55.697,"32.8945,-96.57679",2025-10-27T08:51:49.266016Z
PMG09914,4,38.05,18:10:55.888,"32.8945,-96.57679",2025-10-27T08:51:49.974925Z
PMG00462,2,23.54,12:31:14.791,"32.8945,-96.57679",2025-10-27T08:51:50.699695Z
PMG00462,5,35.11,12:31:14.946,"32.8945,-96.57679",2025-10-27T08:51:51.399792Z
PMG00462,4,30.13,12:31:14.941,"32.8945,-96.57679",2025-10-27T08:51:52.140936Z
PMG02608,4,24.94,08:18:35.650,"32.8945,-96.57679",2025-10-27T08:51:52.856415Z
PMG02608,8,32.05,08:18:35.909,"32.8945,-96.57679",2025-10-27T08:51:53.560129Z
PMG02189,2,30.22,16:12:51.006,"32.8945,-96.57679",2025-10-27T08:51:54.266609Z
PMG02189,5,30.99,16:12:51.258,"32.8945,-96.57679",2025-10-27T08:51:54.997954Z
PMG02189,2,24.54,16:12:51.266,"32.8945,-96.57679",2025-10-27T08:51:55.711101Z
PMG09643,1,39.33,15:28:00.974,"32.8945,-96.57679",2025-10-27T08:51:56.410630Z
PMG09643,1,38.01,15:28:01.376,"32.8945,-96.57679",2025-10-27T08:51:57.141530Z
PMG09643,4,36.91,15:28:01.424,"32.8945,-96.57679",2025-10-27T08:51:57.843382Z
PMG09643,2,39.19,15:28:01.400,"32.8945,-96.57679",2025-10-27T08:51:58.569451Z
PMG09643,4,29.87,15:28:01.090,"32.8945,-96.57679",2025-10-27T08:51:59.268582Z
PMG00563,4,38.66,14:47:15.878,"32.8945,-96.57679",2025-10-27T08:51:59.976729Z
PMG00563,4,33.78,14:47:16.139,"32.8945,-96.57679",2025-10-27T08:52:00.678394Z
PMG05184,1,46.89,02:05:59.555,"32.8945,-96.57679",2025-10-27T08:52:01.400872Z
PMG05184,1,46.4,02:05:59.725,"32.8945,-96.57679",2025-10-27T08:52:02.106135Z
PMG05184,2,53.54,02:06:00.293,"32.8945,-96.57679",2025-10-27T08:52:02.797334Z
PMG05184,1,42.48,02:06:00.410,"32.8945,-96.57679",2025-10-27T08:52:03.500899Z
PMG04428,6,26.46,17:18:10.992,"32.8945,-96.57679",2025-10-27T08:52:04.205526Z
PMG04428,7,25.38,17:18:11.369,"32.8945,-96.57679",2025-10-27T08:52:04.910938Z
PMG04428,2,30.02,17:18:11.346,"32.8945,-96.57679",2025-10-27T08:52:05.617657Z
PMG04428,7,28.75,17:18:11.949,"32.8945,-96.57679",2025-10-27T08:52:06.324480Z
PMG03125,5,35.39,15:59:26.522,"32.8945,-96.57679",2025-10-27T08:52:07.073529Z
PMG03125,5,37.05,15:59:26.937,"32.8945,-96.57679",2025-10-27T08:52:07.783480Z
PMG03125,2,30.43,15:59:27.192,"32.8945,-96.57679",2025-10-27T08:52:08.490058Z
PMG04325,1,34.09,13:41:07.212,"32.8945,-96.57679",2025-10-27T08:52:09.197285Z
PMG04325,4,43.18,13:41:07.431,"32.8945,-96.57679",2025-10-27T08:52:09.900978Z
PMG04325,1,38.57,13:41:07.908,"32.8945,-96.57679",2025-10-27T08:52:10.594659Z
PMG04325,3,43.88,13:41:07.245,"32.8945,-96.57679",2025-10-27T08:52:11.326860Z
PMG04529,5,48.69,15:23:37.150,"32.8945,-96.57679",2025-10-27T08:52:12.021865Z
PMG04529,1,40.21,15:23:37.412,"32.8945,-96.57679",2025-10-27T08:52:12.748817Z
PMG04529,3,39.61,15:23:37.584,"32.8945,-96.57679",2025-10-27T08:52:13.451103Z
PMG02884,2,25.62,12:34:50.280,"32.8945,-96.57679",2025-10-27T08:52:14.149987Z
PMG02884,6,25.72,12:34:50.305,"32.8945,-96.57679",2025-10-27T08:52:14.862930Z
PMG02884,9,28.17,12:34:50.592,"32.8945,-96.57679",2025-10-27T08:52:15.604123Z
PMG02884,9,28.92,12:34:50.910,"32.8945,-96.57679",2025-10-27T08:52:16.301377Z
PMG02397,3,39.44,15:46:53.589,"32.8945,-96.57679",2025-10-27T08:52:17.034333Z
PMG02397,3,40.45,15:46:53.957,"32.8945,-96.57679",2025-10-27T08:52:17.737439Z
PMG02397,2,37.58,15:46:53.607,"32.8945,-96.57679",2025-10-27T08:52:18.460278Z
PMG02397,1,41.06,15:46:54.807,"32.8945,-96.57679",2025-10-27T08:52:19.190947Z
PMG03237,3,23.6,11:12:47.273,"32.8945,-96.57679",2025-10-27T08:52:19.896890Z
PMG03237,10,28.35,11:12:47.764,"32.8945,-96.57679",2025-10-27T08:52:20.595811Z
PMG03237,9,31.43,11:12:47.857,"32.8945,-96.57679",2025-10-27T08:52:21.296794Z
PMG06945,3,55.94,20:54:13.835,"32.8945,-96.57679",2025-10-27T08:52:21.996428Z
PMG06945,1,36.05,20:54:13.853,"32.8945,-96.57679",2025-10-27T08:52:22.688015Z
PMG06674,4,40.96,13:39:45.063,"32.8945,-96.57679",2025-10-27T08:52:23.395865Z
PMG06674,3,35.09,13:39:45.387,"32.8945,-96.57679",2025-10-27T08:52:24.084338Z
PMG06674,4,45.66,13:39:45.533,"32.8945,-96.57679",2025-10-27T08:52:24.795457Z
PMG06674,5,33.15,13:39:45.903,"32.8945,-96.57679",2025-10-27T08:52:25.490039Z
PMG06674,4,49.46,13:39:46.239,"32.8945,-96.57679",2025-10-27T08:52:26.184359Z
PMG07751,9,30.99,12:21:24.406,"32.8945,-96.57679",2025-10-27T08:52:26.917682Z
PMG07751,6,24.77,12:21:24.552,"32.8945,-96.57679",2025-10-27T08:52:27.634374Z
PMG07751,2,30.3,12:21:25.004,"32.8945,-96.57679",2025-10-27T08:52:28.331418Z
PMG07751,6,26.47,12:21:25.153,"32.8945,-96.57679",2025-10-27T08:52:29.033218Z
PMG02347,5,41.47,13:05:34.479,"32.8945,-96.57679",2025-10-27T08:52:29.748542Z
